precio,m2,antiguedad,salas,dormitorios,renta_zona,poblacion_zona
317710.19999999995,243.18,5.68,7.0,4.0,79545.46,23086.8
451767.30000000005,234.83,6.0,7.0,3.0,79248.64,40173.07
317696.4,288.28,5.87,9.0,5.0,61287.07,36882.16
378185.1,200.5,7.19,6.0,3.0,63345.24,34310.24
189282.90000000002,268.08,5.04,8.0,4.0,59982.2,26354.11
320441.4,216.04,4.99,6.0,4.0,80175.75,26748.43
450616.80000000005,277.33,6.03,8.0,3.0,64698.46,60828.25
472181.10000000003,231.52,6.99,7.0,2.0,78394.34,36516.36
239661.0,224.69,5.36,6.0,2.0,59927.66,29387.4
463546.5,277.93,4.42,8.0,6.0,81885.93,40149.97
512113.80000000005,184.18,8.09,5.0,4.0,80527.47,47224.36
199119.59999999998,256.93,4.5,7.0,4.0,50593.7,34343.99
312844.19999999995,250.4,7.67,7.0,3.0,39033.81,39220.36
387399.6,212.7,6.92,6.0,2.0,73163.66,32326.12
420845.39999999997,285.09,5.34,8.0,4.0,69391.38,35521.29
392002.5,288.43,5.44,9.0,4.0,73091.87,23929.52
467036.10000000003,279.49,5.07,8.0,3.0,79706.96,39717.81
158545.5,185.81,4.79,5.0,4.0,61929.08,24595.9
305827.80000000005,248.53,5.95,7.0,5.0,63508.19,35719.65
309177.30000000005,245.66,5.74,7.0,5.0,62085.28,44922.11
644077.5,273.26,6.63,8.0,4.0,86295.0,47560.78
278774.4,228.42,5.55,7.0,2.0,60835.09,45574.74
215666.09999999998,197.24,4.21,5.0,4.0,64490.65,40358.96
223200.0,247.42,6.17,7.0,6.0,60697.35,28140.97
268721.1,265.36,5.34,8.0,4.0,59748.86,27809.99
436192.5,252.29,8.29,7.0,4.0,56974.48,40694.87
337707.9,242.68,4.02,7.0,2.0,82173.63,38853.92
292628.69999999995,242.56,5.44,7.0,4.0,64626.88,27784.74
372229.19999999995,160.17,6.38,4.0,3.0,90499.06,33970.16
473105.39999999997,281.11,6.98,8.0,4.0,59323.79,37520.66
374049.0,233.5,5.31,7.0,3.0,77811.52,33754.74
351216.30000000005,221.63,6.12,6.0,4.0,68652.61,39355.63
321383.69999999995,290.66,7.13,9.0,5.0,55041.35,30122.47
160291.5,252.91,6.12,7.0,6.0,50218.71,16810.78
280910.69999999995,311.6,5.42,9.0,6.0,55909.32,22355.24
359758.19999999995,230.69,5.5,7.0,2.0,74372.81,39395.15
369966.0,266.33,5.47,8.0,4.0,78667.9,27637.66
324345.0,235.59,5.65,7.0,3.0,78699.52,22836.61
157413.90000000002,195.71,5.18,5.0,2.0,53128.19,32947.71
90706.79999999999,234.32,4.95,7.0,2.0,17796.63,47162.18
308045.1,183.94,6.58,5.0,2.0,58566.85,39705.46
528664.5,259.57,7.85,8.0,6.0,75537.79,32778.2
264617.1,261.11,6.62,8.0,4.0,46147.05,27161.13
523479.60000000003,261.93,6.91,8.0,4.0,70421.48,43183.93
346161.30000000005,256.12,5.5,7.0,6.0,62614.42,26888.58
449996.69999999995,249.04,7.07,7.0,3.0,66394.87,39741.08
332876.4,259.02,4.86,8.0,6.0,73946.85,35261.13
294053.1,210.75,7.3,6.0,3.0,69144.75,19030.62
397185.60000000003,240.48,6.24,7.0,2.0,77278.7,21725.95
498748.5,220.47,6.6,6.0,4.0,86754.2,43017.44
425346.0,250.48,6.38,7.0,6.0,74399.84,41084.66
164992.8,207.85,5.83,6.0,3.0,49408.2,26881.13
316431.30000000005,222.08,6.11,6.0,4.0,62279.79,35263.65
424694.39999999997,226.26,5.92,6.0,3.0,73078.2,54915.96
284636.4,252.5,4.79,7.0,6.0,72942.71,24377.91
347879.1,273.57,5.95,8.0,4.0,63819.62,27825.57
464139.89999999997,255.67,8.31,7.0,3.0,73265.45,21030.97
356006.69999999995,248.38,6.12,7.0,5.0,68488.13,18267.95
231633.59999999998,185.81,7.19,5.0,4.0,55193.86,32537.82
351819.0,189.49,6.31,5.0,3.0,77434.69,36252.34
333325.5,240.25,4.48,7.0,2.0,66158.88,37098.74
306834.30000000005,204.86,7.53,6.0,4.0,60502.91,33579.63
382342.5,252.68,5.64,7.0,4.0,60910.89,43347.8
364059.30000000005,170.33,6.39,5.0,4.0,73931.98,36543.07
423519.0,243.13,6.02,7.0,5.0,59539.95,58600.83
257605.80000000002,228.36,5.44,7.0,3.0,56547.51,37585.27
360288.6,234.44,5.48,7.0,3.0,65950.35,40110.85
456070.19999999995,210.48,6.68,6.0,4.0,74533.16,49481.57
408272.39999999997,245.26,7.12,7.0,6.0,66422.92,31019.32
408276.30000000005,220.75,5.42,6.0,4.0,74334.49,41640.44
343959.6,247.96,4.76,7.0,3.0,63538.35,43282.18
536729.7,239.87,7.39,7.0,3.0,83953.1,37283.36
255629.69999999998,229.75,5.12,7.0,3.0,57279.06,44023.79
223829.09999999998,243.54,5.69,7.0,3.0,56553.55,29682.41
460344.0,252.72,5.79,7.0,6.0,75795.58,33197.78
364682.69999999995,235.89,5.28,7.0,3.0,70848.79,40458.74
282478.19999999995,230.74,5.65,7.0,3.0,59787.4,32402.11
361379.4,281.61,4.01,8.0,4.0,64826.37,60286.04
479296.5,245.01,7.61,7.0,3.0,65925.85,34171.36
447603.60000000003,288.39,6.95,9.0,6.0,64419.25,39318.17
426364.80000000005,251.19,8.56,7.0,4.0,58544.46,30865.59
339756.9,234.03,4.73,7.0,4.0,68791.79,48423.32
330846.30000000005,211.79,4.18,6.0,4.0,82061.57,36271.41
556863.3,245.92,5.44,7.0,6.0,80659.53,52947.04
506399.69999999995,268.79,6.18,8.0,3.0,66668.09,47075.21
319026.9,242.04,5.68,7.0,4.0,64721.56,36115.82
353187.0,241.01,6.45,7.0,3.0,65199.99,28366.04
352042.19999999995,198.55,4.64,6.0,3.0,74579.99,42806.15
491178.0,167.91,7.88,5.0,3.0,76273.67,46974.58
371681.4,262.66,5.25,8.0,4.0,67561.94,35517.54
60569.399999999994,196.37,4.84,5.0,3.0,48904.98,32960.75
431851.80000000005,280.66,6.4,8.0,6.0,72145.97,28882.9
175682.7,207.18,4.44,6.0,3.0,70805.61,29268.83
388405.5,232.1,7.51,7.0,3.0,65383.34,35114.4
604455.3,238.41,6.6,7.0,3.0,95450.29,39388.52
552070.8,230.25,6.37,7.0,4.0,73698.7,51815.1
432426.60000000003,235.01,6.37,7.0,4.0,66263.91,49829.95
449592.30000000005,267.92,6.93,8.0,4.0,75394.76,22268.08
286424.1,222.4,6.51,6.0,2.0,65984.75,21867.48
337390.80000000005,214.06,6.98,6.0,2.0,66477.26,32458.99
350983.19999999995,248.1,5.35,7.0,3.0,69284.26,40282.72
334329.30000000005,212.94,5.54,6.0,2.0,70404.5,37127.93
535060.5,228.09,8.07,7.0,4.0,74218.49,46770.66
390879.9,244.85,6.47,7.0,3.0,63441.71,48061.75
372445.19999999995,234.92,6.89,7.0,4.0,57493.92,47039.22
286234.5,209.81,5.5,6.0,2.0,81543.78,9816.3
466596.0,258.84,5.47,8.0,3.0,78633.97,43728.8
121492.79999999999,165.33,4.87,4.0,2.0,52202.85,42165.81
321955.19999999995,217.69,5.56,6.0,2.0,67980.39,25909.08
426658.80000000005,221.65,5.48,6.0,2.0,78568.45,41016.65
102181.5,208.58,4.82,6.0,3.0,55472.65,15353.96
351288.0,265.53,5.97,8.0,6.0,67579.23,21762.95
282851.4,225.43,6.88,6.0,4.0,61456.15,30821.41
420484.19999999995,272.43,7.17,8.0,4.0,60815.39,31233.65
352651.19999999995,296.19,5.38,9.0,3.0,51217.18,47089.48
182638.2,200.33,4.86,6.0,2.0,63027.67,35991.72
284082.9,252.58,6.5,7.0,5.0,62484.86,26882.65
545970.3,246.95,7.01,7.0,6.0,73923.47,58745.31
438939.0,231.23,7.32,7.0,2.0,79737.61,28307.31
375717.30000000005,270.39,4.97,8.0,5.0,63890.47,43416.5
514333.5,265.72,7.19,8.0,5.0,67310.04,43310.61
387527.69999999995,250.53,4.1,7.0,3.0,73145.73,49463.38
542746.2,265.05,6.83,8.0,6.0,86924.36,28719.41
360161.69999999995,187.85,7.41,5.0,2.0,74384.11,17117.44
390079.5,270.39,6.62,8.0,5.0,67477.79,29763.93
299234.69999999995,231.95,4.32,7.0,4.0,71202.96,34207.4
645887.7,316.96,6.74,9.0,3.0,85845.32,46477.68
488995.19999999995,287.47,7.16,8.0,5.0,72138.87,35799.64
149273.7,174.66,4.49,5.0,3.0,44806.01,57390.89
267033.9,209.73,5.33,6.0,4.0,67504.18,37441.12
319405.80000000005,202.73,5.0,6.0,2.0,74706.1,39680.61
459037.19999999995,269.04,6.79,8.0,6.0,68898.35,39515.57
373874.1,202.43,8.14,6.0,4.0,58118.02,35598.39
372226.5,194.33,6.07,5.0,4.0,77643.28,35512.26
528220.5,235.75,8.07,7.0,4.0,67769.83,33254.6
418124.10000000003,249.2,5.53,7.0,6.0,74411.06,43537.5
351715.80000000005,300.51,4.1,9.0,4.0,73101.08,29497.97
145195.8,220.79,5.08,6.0,4.0,58708.42,15969.93
416559.0,248.52,7.08,7.0,3.0,63876.06,38052.88
516521.69999999995,285.65,6.39,8.0,6.0,68343.15,40653.87
382934.69999999995,249.03,5.99,7.0,6.0,73064.98,30699.34
348522.9,233.63,6.77,7.0,2.0,67367.27,32547.27
235922.40000000002,192.05,6.35,5.0,2.0,66547.18,16741.96
481476.30000000005,287.69,6.41,8.0,4.0,73313.55,37809.0
369044.69999999995,266.55,6.89,8.0,5.0,47681.36,50908.98
315493.5,233.18,6.45,7.0,4.0,67910.95,31379.78
424522.19999999995,267.25,6.14,8.0,5.0,69277.89,43717.91
313045.19999999995,203.04,5.4,6.0,3.0,67946.71,35197.94
463314.0,282.51,4.74,8.0,6.0,90975.11,44426.21
405640.80000000005,240.33,5.41,7.0,3.0,61885.55,48726.95
451718.10000000003,275.81,7.04,8.0,3.0,69401.85,29293.07
425089.80000000005,275.21,6.19,8.0,4.0,72969.12,31755.72
314016.6,236.15,5.51,7.0,4.0,75582.46,31946.3
281712.0,237.46,5.62,7.0,2.0,56241.23,32745.37
414909.30000000005,257.34,6.09,7.0,3.0,79412.84,17568.73
321750.9,233.0,4.57,7.0,3.0,79618.24,29636.51
340319.4,252.84,6.49,7.0,6.0,67019.07,24997.11
220448.40000000002,194.46,5.11,5.0,4.0,56063.48,39129.3
297567.6,241.46,5.78,7.0,4.0,57077.58,33393.92
317175.9,255.46,4.29,7.0,5.0,75954.82,34467.76
371167.5,248.11,7.13,7.0,4.0,52575.82,41828.58
432789.89999999997,278.89,6.14,8.0,4.0,63312.81,43230.35
563220.6000000001,265.35,6.45,8.0,4.0,82526.96,43947.68
418355.39999999997,252.26,6.64,7.0,6.0,73204.94,35090.5
286181.69999999995,190.11,5.71,5.0,3.0,56357.19,38062.0
365933.4,245.57,7.11,7.0,5.0,71316.62,21651.7
386197.5,299.22,4.98,9.0,3.0,75046.85,32468.03
521968.19999999995,210.98,6.97,6.0,2.0,84474.16,38677.82
364014.6,233.82,6.96,7.0,3.0,68162.68,31843.88
302243.69999999995,172.48,7.57,5.0,3.0,62784.33,35122.39
458626.80000000005,261.22,6.85,8.0,3.0,67009.82,39737.12
354738.0,234.02,6.77,7.0,2.0,67437.25,29356.22
442364.10000000003,266.22,6.85,8.0,3.0,65967.77,35799.96
323405.1,244.26,7.6,7.0,4.0,42816.31,47457.66
436014.60000000003,197.16,5.47,5.0,3.0,83347.67,48226.72
448503.89999999997,227.18,5.48,6.0,4.0,81699.88,39527.05
214244.40000000002,232.97,4.58,7.0,4.0,56143.79,45084.04
268287.6,200.14,4.89,6.0,3.0,59513.83,44162.28
347952.6,203.36,5.99,6.0,3.0,78379.41,31357.39
358795.80000000005,249.31,6.77,7.0,5.0,70877.38,36033.43
414429.30000000005,308.31,6.59,9.0,6.0,61526.97,27307.95
460467.0,234.89,7.41,7.0,2.0,65317.0,55799.5
448237.5,217.34,6.94,6.0,3.0,76268.82,38649.85
406843.80000000005,288.42,6.86,9.0,5.0,48531.36,39731.15
436482.89999999997,205.92,5.9,6.0,4.0,82906.65,38820.48
232235.40000000002,202.0,4.94,6.0,2.0,63117.84,43091.85
266733.9,176.55,3.69,5.0,3.0,75860.86,41003.88
363330.6,240.41,4.86,7.0,3.0,68844.76,48392.5
197593.80000000002,255.79,5.69,7.0,3.0,52446.27,32934.55
420031.5,267.08,5.8,8.0,3.0,69342.71,37082.37
378605.4,213.51,7.22,6.0,4.0,55932.05,42488.31
165923.09999999998,218.74,4.63,6.0,2.0,53306.92,39063.34
360974.4,250.68,6.06,7.0,3.0,56976.55,46375.5
334596.9,267.85,6.16,8.0,6.0,51296.49,32078.91
390564.30000000005,245.6,7.6,7.0,5.0,63995.0,24748.27
302006.1,198.54,6.28,6.0,4.0,71915.15,27714.29
224814.90000000002,249.96,5.44,7.0,5.0,62137.6,19045.62
322679.1,221.61,5.23,6.0,4.0,78050.97,27789.75
221961.30000000002,231.65,5.33,7.0,4.0,67371.42,24797.76
432883.5,272.99,7.48,8.0,3.0,59362.77,44723.35
248549.09999999998,223.59,7.01,6.0,3.0,57003.11,29594.69
411987.30000000005,269.29,6.08,8.0,6.0,68989.31,32629.6
277669.80000000005,224.79,4.9,6.0,3.0,70969.9,24833.65
465761.10000000003,262.0,7.74,8.0,6.0,82251.65,18408.8
400771.5,233.55,5.77,7.0,2.0,71306.46,43284.4
288242.4,224.16,5.67,6.0,3.0,70921.57,29390.22
421779.89999999997,247.9,6.71,7.0,6.0,70739.46,35148.67
185726.40000000002,217.22,6.39,6.0,3.0,58097.84,19903.0
398781.89999999997,239.55,7.03,7.0,2.0,51273.51,53811.89
378553.19999999995,180.99,5.02,5.0,3.0,76326.59,42779.83
352734.30000000005,213.78,5.83,6.0,4.0,63584.05,46340.19
431116.19999999995,218.4,4.93,6.0,3.0,86340.29,35630.56
478324.5,278.82,5.87,8.0,6.0,79471.24,36616.17
279407.4,194.01,6.41,5.0,2.0,55879.5,37360.06
239592.0,229.89,6.88,7.0,3.0,40503.54,45979.48
435522.0,210.05,5.6,6.0,2.0,83394.41,30487.52
383697.6,251.71,6.0,7.0,5.0,64501.23,43869.31
265776.30000000005,252.66,6.28,7.0,4.0,59569.54,31294.65
427689.89999999997,240.61,6.86,7.0,4.0,69280.32,40290.91
270564.6,241.37,5.86,7.0,3.0,66342.49,11792.82
456519.30000000005,304.54,6.17,9.0,5.0,73367.05,23684.79
215031.30000000002,210.79,5.71,6.0,2.0,57122.22,41972.77
509015.10000000003,286.04,7.91,8.0,5.0,61978.85,56957.19
245879.40000000002,238.45,6.64,7.0,2.0,54299.97,39512.66
475264.19999999995,288.58,5.6,9.0,3.0,71424.41,37242.56
239667.90000000002,203.26,8.08,6.0,4.0,57353.15,16906.42
180591.90000000002,301.18,4.19,9.0,5.0,44731.11,39633.47
436945.80000000005,318.65,4.52,10.0,4.0,76175.49,30760.99
510721.80000000005,238.23,5.55,7.0,2.0,66574.71,69575.45
469941.30000000005,271.22,5.18,8.0,6.0,91731.15,33102.1
477663.0,265.01,6.45,8.0,4.0,75487.03,41105.39
281288.4,206.6,6.02,6.0,4.0,58088.44,51925.41
467564.39999999997,221.72,6.87,6.0,3.0,76319.22,48026.31
346898.69999999995,241.84,5.91,7.0,2.0,60575.16,32158.97
454305.0,267.89,7.08,8.0,3.0,69607.13,34609.04
311732.1,247.81,5.22,7.0,5.0,67056.84,25134.68
242727.0,193.55,5.17,5.0,2.0,60640.93,43119.54
202660.80000000002,197.95,5.78,6.0,3.0,69031.91,15660.4
412077.0,324.21,4.66,10.0,5.0,80356.21,16215.42
507027.30000000005,279.04,6.77,8.0,4.0,60081.18,60195.75
376011.0,246.32,6.52,7.0,5.0,61881.48,35597.37
232222.19999999998,204.98,6.89,6.0,2.0,59590.97,24153.88
522588.0,264.49,5.2,8.0,6.0,89831.32,45335.36
511728.89999999997,237.75,7.42,7.0,2.0,72175.28,50305.8
321333.0,214.73,6.21,6.0,2.0,67589.05,33203.38
335414.4,241.0,5.26,7.0,4.0,77300.03,29499.04
349575.9,262.35,5.4,8.0,6.0,65382.89,41723.05
384273.0,235.88,6.15,7.0,2.0,71145.21,35642.53
252336.90000000002,203.51,5.79,6.0,2.0,61053.04,40675.77
368643.30000000005,244.63,5.93,7.0,4.0,65125.95,37642.79
325821.6,274.43,6.21,8.0,5.0,51949.3,35336.06
361311.6,235.95,5.32,7.0,3.0,75897.99,34162.67
403501.19999999995,223.74,6.16,6.0,3.0,71468.35,43269.03
335070.6,247.77,5.76,7.0,3.0,53287.99,45152.01
246729.59999999998,243.36,5.13,7.0,3.0,61503.04,37650.87
408187.19999999995,283.85,6.39,8.0,4.0,68896.05,28394.61
689513.7,254.12,6.54,7.0,3.0,91159.42,54861.09
420149.39999999997,269.41,6.67,8.0,3.0,63375.35,45633.19
170054.7,213.88,5.45,6.0,2.0,59695.57,20702.8
410275.80000000005,259.16,5.57,8.0,5.0,63183.89,58691.2
334012.19999999995,245.55,7.0,7.0,5.0,61177.81,26396.29
216592.5,221.16,5.21,6.0,3.0,58642.31,35131.58
205651.19999999998,222.66,5.14,6.0,4.0,53112.28,40367.38
45621.600000000006,261.41,4.9,8.0,5.0,40366.62,16349.37
384129.6,242.99,7.3,7.0,5.0,62207.48,34317.54
170610.90000000002,249.12,5.41,7.0,6.0,57477.95,23649.97
360229.5,300.89,6.28,9.0,6.0,55630.49,38943.1
482148.60000000003,259.47,6.74,8.0,6.0,72399.31,41662.0
426514.5,249.94,4.5,7.0,5.0,89868.89,30101.72
93333.29999999999,181.53,4.21,5.0,2.0,59801.49,33534.93
401413.19999999995,257.09,7.84,7.0,4.0,61957.15,38448.49
425361.30000000005,217.98,6.69,6.0,3.0,71123.43,44020.14
238916.69999999998,280.67,4.38,8.0,3.0,55202.71,28424.95
393062.1,193.01,7.19,5.0,3.0,79298.12,15753.27
298469.4,200.29,7.14,6.0,4.0,65070.57,24852.57
360896.4,250.86,7.23,7.0,5.0,68494.98,13998.57
230625.59999999998,202.36,5.55,6.0,3.0,55702.21,40087.8
363496.5,214.0,7.89,6.0,2.0,57233.61,37374.92
462125.39999999997,231.91,6.03,7.0,4.0,85313.89,23974.44
213668.40000000002,195.77,4.68,5.0,3.0,60224.65,42182.86
457659.89999999997,231.83,6.79,7.0,3.0,73873.82,33336.33
310265.4,198.47,7.16,6.0,2.0,63149.49,37578.85
262231.19999999995,222.91,4.66,6.0,2.0,58593.79,39287.53
573847.5,281.12,6.45,8.0,4.0,73839.87,47602.51
526431.3,269.53,6.73,8.0,4.0,75984.83,42248.69
402020.10000000003,239.19,6.54,7.0,4.0,82145.37,25736.1
434027.10000000003,206.41,5.78,6.0,3.0,69017.18,55830.75
477830.39999999997,260.01,6.82,8.0,5.0,75429.18,36769.25
198109.5,262.13,4.12,8.0,6.0,69513.54,14054.05
258396.59999999998,222.88,5.16,6.0,2.0,57782.42,33426.85
494474.10000000003,278.44,6.56,8.0,6.0,74372.14,34321.96
293140.80000000005,241.47,5.54,7.0,2.0,63522.12,31995.53
477580.19999999995,305.51,7.65,9.0,3.0,61193.71,33196.06
208615.80000000002,199.83,4.31,6.0,4.0,60316.79,33831.89
170693.09999999998,177.12,5.41,5.0,2.0,58469.91,33547.98
280677.30000000005,248.95,4.6,7.0,5.0,75179.9,23978.09
295293.6,301.72,3.99,9.0,5.0,56186.96,41855.65
538873.8,238.96,5.93,7.0,2.0,73225.07,61830.54
216024.0,188.51,5.08,5.0,4.0,74338.93,18057.17
235142.40000000002,207.12,5.64,6.0,4.0,52188.12,42495.75
479584.80000000005,281.83,6.69,8.0,3.0,83311.1,30386.37
469237.5,272.3,6.6,8.0,5.0,72288.68,39146.92
278844.30000000005,251.46,6.99,7.0,3.0,54866.22,35192.84
424348.5,301.87,4.79,9.0,6.0,85759.66,25897.76
251300.40000000002,257.38,6.29,7.0,6.0,59453.34,29697.64
359254.5,220.38,7.22,6.0,4.0,69878.77,26814.17
369601.5,244.66,6.73,7.0,4.0,59243.3,51405.35
385779.9,252.4,6.5,7.0,4.0,57853.33,47688.23
408456.60000000003,263.84,6.39,8.0,4.0,66643.31,30971.16
327247.80000000005,202.48,5.96,6.0,2.0,69248.3,35990.1
442596.0,256.32,6.29,7.0,3.0,75129.72,41620.29
319997.69999999995,196.83,7.01,5.0,4.0,76210.0,22721.65
335229.9,273.44,6.07,8.0,3.0,69342.38,21641.97
426085.19999999995,237.79,6.81,7.0,2.0,77630.96,31739.89
252081.90000000002,239.66,7.59,7.0,3.0,68929.16,172.61
307472.4,172.46,6.01,5.0,2.0,70990.8,30904.25
448272.30000000005,303.64,7.75,9.0,5.0,55860.68,40335.22
337764.0,232.43,5.71,7.0,4.0,56380.99,43994.24
324736.5,269.29,4.81,8.0,4.0,64306.34,30762.36
466390.5,242.15,6.5,7.0,3.0,76547.96,40564.64
303409.5,262.41,5.49,8.0,6.0,57101.72,41104.47
429827.10000000003,253.03,7.3,7.0,6.0,76192.66,21245.84
483815.39999999997,285.82,5.78,8.0,4.0,79585.55,31773.34
291990.0,197.7,6.37,5.0,4.0,70759.86,25981.83
203768.69999999998,226.78,5.21,6.0,4.0,76907.24,21658.41
381300.0,286.93,5.9,8.0,6.0,64744.94,28880.02
273063.30000000005,254.17,5.35,7.0,4.0,51976.02,36360.17
307881.6,248.65,5.19,7.0,4.0,61252.64,40890.27
449019.0,240.39,7.75,7.0,4.0,58841.14,39555.07
447161.69999999995,268.45,6.36,8.0,5.0,79112.64,33771.74
447551.39999999997,280.26,6.48,8.0,5.0,76056.29,28470.7
299031.30000000005,302.03,6.8,9.0,3.0,52399.65,18092.13
319456.19999999995,173.27,5.54,5.0,2.0,77551.63,35834.49
295725.0,228.95,5.68,7.0,4.0,64160.82,32339.01
585786.6000000001,316.17,7.33,9.0,4.0,71167.03,35174.87
526490.7,219.12,7.07,6.0,3.0,84963.66,40447.01
336672.0,242.29,5.74,7.0,3.0,59712.82,42601.84
371079.6,211.94,5.62,6.0,3.0,77733.73,32074.58
289825.19999999995,223.41,4.37,6.0,4.0,85707.08,10424.42
255680.69999999998,183.29,4.73,5.0,4.0,70280.36,39662.74
384201.0,220.48,7.32,6.0,2.0,69330.74,30097.84
357064.19999999995,205.35,5.96,6.0,3.0,72988.71,50566.64
337155.30000000005,251.36,5.73,7.0,4.0,65697.82,28742.13
506736.0,267.68,7.96,8.0,3.0,76245.22,32016.23
472004.39999999997,283.21,7.17,8.0,3.0,53546.87,45504.2
509093.39999999997,283.01,6.77,8.0,3.0,73643.06,43152.14
424286.10000000003,196.42,7.02,5.0,2.0,84774.45,32383.56
226587.59999999998,232.38,5.06,7.0,2.0,58140.94,49337.53
214411.80000000002,214.35,6.29,6.0,2.0,61881.16,21397.45
283200.6,232.92,5.36,7.0,4.0,75312.26,9487.92
456940.80000000005,240.17,6.48,7.0,3.0,81328.81,31231.54
426875.10000000003,232.33,6.5,7.0,3.0,77931.48,23182.6
583685.7,243.15,7.1,7.0,6.0,84602.6,39683.44
518015.69999999995,228.18,5.49,7.0,2.0,72445.03,69553.99
315337.19999999995,258.64,6.67,8.0,5.0,57497.13,43204.16
674736.8999999999,249.93,8.25,7.0,5.0,87266.34,45161.19
457174.5,290.89,6.8,9.0,4.0,62431.94,44115.98
311855.4,242.36,4.54,7.0,3.0,72107.43,29981.35
245417.40000000002,247.78,6.53,7.0,3.0,55577.07,19560.01
334640.1,251.46,5.23,7.0,4.0,62327.89,43364.43
377453.69999999995,242.34,5.66,7.0,2.0,73931.14,29568.96
430627.19999999995,286.13,6.36,8.0,3.0,63429.27,37999.0
346041.0,207.23,5.98,6.0,3.0,73423.9,34711.78
427680.89999999997,188.82,8.56,5.0,2.0,75175.87,22367.48
314505.30000000005,268.8,6.26,8.0,4.0,56636.25,28139.37
364344.6,222.92,6.47,6.0,3.0,67665.94,24758.49
246557.69999999998,238.73,4.53,7.0,2.0,65986.82,24056.6
226095.59999999998,236.87,5.55,7.0,4.0,54273.91,24233.06
366000.30000000005,252.88,3.99,7.0,6.0,75547.84,40043.1
322702.5,264.1,6.72,8.0,5.0,70151.09,15255.24
418824.60000000003,254.68,6.22,7.0,3.0,74449.12,24837.59
341340.6,252.52,7.83,7.0,6.0,66919.64,18867.78
347986.19999999995,219.87,5.75,6.0,2.0,68473.86,43146.98
446355.0,264.99,6.38,8.0,5.0,76113.22,26481.51
330921.6,199.04,6.41,6.0,4.0,61212.2,32045.56
269187.30000000005,255.68,5.81,7.0,3.0,59768.81,26202.63
364296.30000000005,243.72,5.57,7.0,3.0,78847.54,20653.9
409308.89999999997,274.87,5.76,8.0,5.0,75735.34,37268.27
374727.9,251.38,5.24,7.0,3.0,77847.35,30231.81
283943.69999999995,183.35,5.46,5.0,2.0,56231.16,52657.03
497941.5,213.22,4.69,6.0,2.0,89163.5,44016.15
385620.0,249.45,6.29,7.0,4.0,62377.06,39075.96
269484.6,181.92,6.0,5.0,4.0,68864.28,29802.32
445154.39999999997,244.03,6.29,7.0,5.0,82440.9,27545.53
406046.39999999997,219.65,7.16,6.0,2.0,60948.88,39754.39
380611.19999999995,250.15,6.17,7.0,5.0,69729.61,31719.74
434572.19999999995,252.81,6.3,7.0,6.0,75491.8,26013.68
403081.80000000005,209.36,6.36,6.0,3.0,80648.07,35091.96
453461.39999999997,205.12,7.73,6.0,4.0,84036.6,32766.6
498611.69999999995,263.65,5.94,8.0,3.0,76590.38,40643.08
350001.9,273.43,6.47,8.0,3.0,63534.46,38128.98
412689.89999999997,257.09,6.33,7.0,6.0,67270.0,41780.47
251891.40000000002,244.81,4.46,7.0,4.0,50887.44,47731.01
491479.5,262.74,6.44,8.0,3.0,80597.11,34487.57
415620.0,279.48,6.49,8.0,5.0,66041.12,40163.97
345969.9,249.03,4.13,7.0,3.0,81316.38,35589.59
411053.39999999997,271.67,5.32,8.0,5.0,67877.03,43300.95
354563.1,241.07,5.56,7.0,2.0,69306.96,36851.38
268275.30000000005,219.94,5.3,6.0,4.0,61200.73,42789.69
426340.80000000005,270.97,5.89,8.0,5.0,70619.17,37865.65
308689.19999999995,201.82,5.9,6.0,4.0,69910.85,38440.74
277052.4,262.56,3.73,8.0,3.0,64889.22,25904.98
479890.19999999995,283.9,6.33,8.0,6.0,69900.13,32679.19
410755.80000000005,279.0,5.54,8.0,5.0,79045.04,24721.96
524634.8999999999,231.8,7.03,7.0,4.0,76460.22,46851.04
345263.4,282.16,6.38,8.0,4.0,58307.73,25509.07
333179.69999999995,302.04,5.1,9.0,5.0,56679.02,40785.03
347762.1,247.95,5.71,7.0,4.0,58823.05,38682.57
543413.1000000001,255.56,5.77,7.0,3.0,80836.34,49864.47
380232.9,287.38,5.85,8.0,4.0,67710.11,25222.46
405764.39999999997,193.73,7.34,5.0,3.0,70027.65,40512.82
179851.2,197.82,5.78,5.0,2.0,36100.44,44901.86
215163.90000000002,220.85,4.62,6.0,4.0,67217.49,23999.76
302613.9,207.22,6.42,6.0,3.0,63657.28,36391.93
321478.80000000005,197.61,5.48,5.0,3.0,71468.27,36377.84
419202.60000000003,230.91,6.55,7.0,4.0,62989.51,36913.35
393991.5,246.2,6.16,7.0,6.0,69327.26,31054.78
631953.3,285.61,6.37,8.0,3.0,94902.24,41662.08
391937.69999999995,246.25,4.83,7.0,3.0,79579.2,31756.41
406478.69999999995,225.05,5.25,6.0,3.0,73756.12,59485.07
474829.80000000005,289.78,7.31,9.0,4.0,65873.94,39785.63
254146.5,226.82,6.03,6.0,3.0,52934.44,46520.69
402673.80000000005,246.65,5.93,7.0,4.0,82830.59,32026.91
408926.10000000003,263.34,5.28,8.0,4.0,73930.84,42702.4
382595.69999999995,243.96,5.3,7.0,6.0,58557.13,54167.34
385777.19999999995,246.18,7.51,7.0,3.0,51718.35,49639.17
536882.3999999999,250.63,7.42,7.0,3.0,69807.72,51453.27
358819.19999999995,221.52,4.69,6.0,2.0,79627.63,31638.85
575275.2,216.91,5.91,6.0,3.0,97112.36,51470.07
411082.19999999995,217.32,6.85,6.0,4.0,74354.23,30091.12
503161.19999999995,286.68,5.98,8.0,3.0,72481.03,45160.1
431914.19999999995,206.31,5.7,6.0,2.0,73093.49,41796.13
303678.9,247.05,7.19,7.0,3.0,51992.74,21759.51
453522.89999999997,304.99,4.83,9.0,3.0,66484.05,51712.14
339346.5,248.56,5.25,7.0,4.0,81182.15,34141.19
229458.0,255.53,3.79,7.0,4.0,79103.94,25767.82
504394.80000000005,220.74,6.68,6.0,2.0,75070.26,44682.76
87517.20000000001,227.46,5.48,6.0,3.0,44688.56,25120.99
303975.6,246.07,3.99,7.0,3.0,73726.18,28666.77
358413.0,258.71,4.03,8.0,4.0,64038.99,54130.98
438900.89999999997,272.66,5.98,8.0,4.0,69896.52,38180.82
435998.39999999997,307.46,6.53,9.0,6.0,73723.46,24723.28
387451.80000000005,235.24,6.11,7.0,3.0,79996.61,28067.63
487652.39999999997,254.32,7.23,7.0,6.0,61538.91,51154.13
170068.8,250.88,5.77,7.0,5.0,47065.05,24125.88
440553.89999999997,274.27,4.7,8.0,4.0,82381.55,36655.13
471931.80000000005,298.01,4.8,9.0,3.0,80857.44,44385.31
290508.30000000005,258.59,4.13,8.0,5.0,60893.76,49076.76
392995.80000000005,234.68,7.48,7.0,3.0,66356.06,38022.84
408365.69999999995,182.74,7.48,5.0,4.0,78438.37,35220.38
439536.0,296.65,7.49,9.0,6.0,61215.58,36495.17
471439.5,267.09,6.77,8.0,5.0,64907.98,46677.27
488729.39999999997,293.09,4.85,9.0,5.0,80008.67,45889.89
354700.80000000005,248.16,5.16,7.0,5.0,71356.3,36998.48
303244.19999999995,205.75,5.88,6.0,3.0,72432.7,35039.47
277418.69999999995,226.37,5.44,6.0,3.0,67284.47,24942.89
414633.0,269.43,6.54,8.0,3.0,62653.09,41467.87
410018.39999999997,290.89,6.43,9.0,3.0,63968.61,27404.5
389355.0,231.45,6.5,7.0,4.0,74233.95,32875.77
359006.4,251.01,7.56,7.0,6.0,59729.25,31202.19
384333.9,239.8,5.65,7.0,4.0,81132.0,32311.85
459219.0,243.85,5.84,7.0,5.0,68500.82,51746.73
362599.5,247.49,7.21,7.0,6.0,55050.31,29423.83
425182.80000000005,256.31,5.53,7.0,5.0,76840.46,29860.08
358680.6,252.23,5.33,7.0,6.0,63428.92,42996.61
740719.8,324.17,7.7,10.0,5.0,90592.47,37223.88
366930.30000000005,257.96,6.96,8.0,3.0,56685.01,43322.17
366083.1,184.18,6.47,5.0,2.0,69230.75,43072.2
393529.5,221.46,7.0,6.0,3.0,68916.65,42744.83
359494.19999999995,288.74,7.13,9.0,6.0,60509.04,28410.3
356282.69999999995,213.78,4.54,6.0,3.0,85719.32,32058.36
419898.89999999997,237.17,7.45,7.0,2.0,62134.02,32157.13
479333.10000000003,298.98,6.37,9.0,4.0,73435.18,36239.56
406506.60000000003,248.49,7.69,7.0,4.0,55612.76,42258.54
341117.69999999995,261.7,6.74,8.0,5.0,70879.91,22431.61
316144.5,272.98,4.89,8.0,3.0,67461.45,34573.11
372726.6,263.86,4.31,8.0,4.0,84439.86,19835.25
366612.30000000005,266.73,6.01,8.0,3.0,67802.31,36129.69
307638.30000000005,235.88,6.06,7.0,2.0,62685.27,42018.94
257828.40000000002,268.09,4.0,8.0,4.0,71392.47,36009.7
383941.19999999995,250.93,6.05,7.0,5.0,59050.53,37741.36
501500.69999999995,202.02,8.06,6.0,4.0,87895.87,23876.13
457680.60000000003,246.88,7.07,7.0,3.0,70276.4,26630.48
299632.19999999995,270.08,4.44,8.0,4.0,72640.26,31470.62
303696.6,232.14,6.78,7.0,4.0,62894.13,20317.21
375725.69999999995,271.02,5.27,8.0,3.0,50846.01,45357.0
560793.8999999999,253.37,6.36,7.0,6.0,78688.29,47812.02
540205.8,235.83,7.62,7.0,3.0,76397.04,45281.19
417930.0,251.58,6.22,7.0,6.0,62162.63,47747.36
349967.4,223.96,6.06,6.0,4.0,75090.76,39456.87
296452.5,257.33,5.06,7.0,5.0,61801.47,36326.7
462144.30000000005,248.88,6.96,7.0,4.0,77429.83,30108.24
259842.59999999998,200.16,4.27,6.0,3.0,74388.6,33763.08
167208.59999999998,223.29,4.94,6.0,2.0,62566.56,29365.61
309987.30000000005,242.13,5.93,7.0,4.0,68894.85,28851.6
325483.5,212.54,4.19,6.0,3.0,68738.37,47445.36
409524.30000000005,129.99,6.99,3.0,3.0,74277.72,50233.79
371838.0,189.74,5.88,5.0,4.0,81280.91,34933.2
617007.8999999999,249.02,8.06,7.0,4.0,86305.37,37854.37
313618.5,225.84,6.79,6.0,3.0,59302.23,25296.74
503761.5,215.42,6.12,6.0,2.0,81385.22,47897.16
347622.9,252.99,5.86,7.0,5.0,64115.06,34312.41
494183.69999999995,261.81,6.82,8.0,6.0,90436.98,13340.49
510627.30000000005,290.4,5.56,9.0,5.0,75940.76,49974.88
413815.80000000005,246.22,6.65,7.0,3.0,70102.73,28281.0
407558.10000000003,316.78,5.49,9.0,4.0,69950.96,23733.79
297419.69999999995,221.9,5.64,6.0,3.0,65736.35,32964.02
287135.4,226.65,6.49,6.0,4.0,53825.01,27373.15
491690.69999999995,202.26,6.83,6.0,3.0,86625.48,42758.67
214242.59999999998,214.42,5.04,6.0,2.0,69376.19,18226.18
228262.80000000002,166.67,5.59,4.0,2.0,68423.02,13345.56
403061.10000000003,233.87,5.4,7.0,2.0,68720.92,45887.35
317098.19999999995,227.02,4.52,6.0,2.0,70005.85,40325.17
326466.6,232.93,5.7,7.0,4.0,66614.63,16654.26
392695.19999999995,269.6,6.66,8.0,3.0,58978.22,44071.6
464496.60000000003,307.89,6.19,9.0,3.0,64538.57,36678.06
423524.69999999995,265.61,5.46,8.0,4.0,76008.08,39842.86
480571.19999999995,232.55,6.83,7.0,4.0,87119.12,34671.6
383189.1,257.13,6.25,7.0,4.0,62850.32,37764.36
318465.6,240.33,6.19,7.0,3.0,66295.08,28112.17
334503.9,237.63,7.1,7.0,3.0,63185.84,40080.69
306252.9,257.41,4.26,7.0,3.0,74256.18,34684.1
432288.60000000003,233.99,7.51,7.0,4.0,71668.3,31352.41
245213.09999999998,225.21,5.66,6.0,2.0,54476.24,33533.92
414461.10000000003,237.12,6.86,7.0,2.0,85281.69,22887.72
381920.1,293.17,4.85,9.0,3.0,72137.84,38259.22
413014.5,243.2,8.24,7.0,6.0,66112.54,20795.15
388124.1,233.88,6.44,7.0,2.0,67047.18,37937.19
525272.3999999999,254.27,6.15,7.0,3.0,89358.87,34063.6
166743.3,188.74,6.93,5.0,3.0,50189.14,35043.82
473648.69999999995,247.3,7.06,7.0,5.0,73119.72,35426.69
273360.6,223.02,5.5,6.0,3.0,67972.63,27865.33
488625.60000000003,264.48,6.57,8.0,5.0,71739.61,37030.73
373620.30000000005,238.92,5.61,7.0,2.0,67292.6,41837.86
298117.5,223.79,6.21,6.0,2.0,70243.44,24647.91
544829.7,291.55,4.91,9.0,4.0,78274.53,56299.77
471174.89999999997,295.58,6.18,9.0,4.0,84332.5,33107.34
487896.30000000005,258.84,6.64,8.0,4.0,79550.64,43636.5
378748.19999999995,240.28,4.1,7.0,2.0,79698.22,42046.34
355568.1,208.6,5.7,6.0,3.0,71188.83,40656.13
408098.69999999995,216.08,6.87,6.0,3.0,74605.04,31638.23
405137.69999999995,265.65,5.22,8.0,3.0,71222.6,54677.97
467096.39999999997,240.29,5.47,7.0,2.0,80973.0,48036.61
265810.80000000005,266.41,6.07,8.0,4.0,51044.29,37730.01
338883.9,260.29,6.2,8.0,6.0,65066.54,27940.28
321072.0,246.64,4.95,7.0,3.0,76259.83,19262.61
476104.5,249.07,6.39,7.0,3.0,77456.41,37997.55
343896.6,278.37,4.23,8.0,3.0,75376.95,25548.51
413234.10000000003,272.64,6.33,8.0,5.0,79674.43,17862.73
334071.30000000005,209.99,6.31,6.0,3.0,64408.09,40817.89
478151.10000000003,219.59,6.77,6.0,2.0,67932.01,51145.32
468224.10000000003,288.19,4.45,9.0,6.0,75146.8,55577.97
293394.30000000005,229.86,7.04,7.0,2.0,55378.1,41416.98
387777.6,235.33,4.84,7.0,2.0,78113.5,43345.61
437673.89999999997,288.02,5.4,9.0,5.0,81516.99,33263.14
311334.0,216.88,6.79,6.0,2.0,70306.68,29572.39
537676.5,257.85,7.32,7.0,6.0,91392.42,33379.68
264651.0,240.1,6.07,7.0,2.0,51110.93,38408.27
565044.3,253.44,5.43,7.0,5.0,99629.01,36950.74
380580.0,219.84,6.65,6.0,3.0,72656.93,38568.08
347156.69999999995,260.09,5.14,8.0,3.0,71938.0,20097.14
354296.69999999995,239.11,5.26,7.0,4.0,69503.15,45266.53
543913.2,287.72,6.8,8.0,3.0,75287.53,39219.53
259999.80000000002,220.13,4.95,6.0,2.0,56753.73,52718.24
501405.0,274.42,5.69,8.0,6.0,78044.35,43771.65
341240.4,259.2,5.92,8.0,6.0,74838.66,23637.26
213449.69999999998,185.01,6.45,5.0,4.0,51580.1,37511.34
582058.5,216.5,7.58,6.0,2.0,85260.66,52358.79
448939.80000000005,315.21,7.82,9.0,4.0,49733.31,43558.83
434698.5,279.08,5.26,8.0,3.0,76751.88,32295.77
277281.6,215.17,5.86,6.0,4.0,64595.71,29668.88
524101.5,244.71,6.32,7.0,6.0,88794.6,37994.97
472885.80000000005,281.94,6.43,8.0,4.0,69909.08,39347.14
513684.30000000005,228.11,7.03,7.0,4.0,89908.77,37296.0
555712.8,253.12,7.11,7.0,4.0,76278.75,49250.71
302278.80000000005,215.44,8.33,6.0,4.0,55405.12,18257.15
310433.69999999995,236.77,5.68,7.0,4.0,68270.76,31159.29
301963.5,225.11,6.31,6.0,4.0,71275.31,28922.96
221039.69999999998,224.72,5.24,6.0,2.0,53079.8,33083.43
332701.80000000005,233.21,6.8,7.0,3.0,66690.97,22619.11
415242.0,265.45,7.16,8.0,5.0,61644.17,27809.14
625465.2,298.37,6.14,9.0,3.0,80015.55,52469.77
240358.5,235.92,5.31,7.0,4.0,62591.86,32210.43
423672.89999999997,209.23,6.2,6.0,3.0,70673.84,58256.11
567236.7,258.11,7.25,8.0,4.0,82535.28,43272.31
552571.2,256.06,5.88,7.0,5.0,82610.45,34880.77
440122.5,246.84,6.08,7.0,6.0,84776.71,26952.56
198312.90000000002,234.17,5.89,7.0,3.0,51918.55,24734.41
293410.5,221.39,5.53,6.0,3.0,68858.03,28846.95
375264.6,285.62,6.33,8.0,4.0,53418.54,33572.75
422771.69999999995,209.18,6.52,6.0,3.0,70696.4,43313.17
348824.1,225.38,5.61,6.0,3.0,70902.3,36768.63
263658.9,244.21,5.82,7.0,6.0,62043.18,23249.82
401527.5,245.64,5.67,7.0,3.0,61411.42,49175.34
328304.4,255.05,5.71,7.0,5.0,58293.43,45033.39
358769.4,239.92,6.23,7.0,4.0,70851.6,27024.99
315072.0,276.07,4.73,8.0,5.0,65669.98,40115.76
274269.30000000005,244.52,5.08,7.0,5.0,64823.02,36481.33
259345.19999999998,223.66,6.31,6.0,3.0,68363.26,20667.9
479843.69999999995,229.1,6.55,7.0,3.0,70596.85,51614.83
400906.80000000005,240.51,7.1,7.0,4.0,67947.4,35681.15
542502.3,251.95,6.18,7.0,5.0,96807.44,29269.14
427284.89999999997,249.49,7.4,7.0,3.0,66733.63,35193.21
441540.0,232.27,5.7,7.0,3.0,80665.0,40952.02
404286.60000000003,246.0,6.6,7.0,4.0,75378.63,28300.61
349122.6,261.27,7.11,8.0,5.0,65198.94,23580.87
435187.5,222.88,6.53,6.0,2.0,78739.22,28884.04
294689.4,213.32,6.53,6.0,3.0,66697.53,25896.99
260494.19999999998,287.93,5.13,9.0,5.0,58822.04,34141.83
369453.6,254.64,5.62,7.0,4.0,75093.96,27247.95
198938.69999999998,226.38,5.12,6.0,4.0,68709.28,16668.27
363149.1,218.74,5.76,6.0,3.0,68192.53,46821.32
422709.89999999997,239.39,6.42,7.0,2.0,84090.36,25127.55
406915.5,249.09,5.32,7.0,5.0,69277.76,57408.31
337642.80000000005,204.58,6.93,6.0,4.0,63833.39,28928.92
338992.80000000005,235.38,6.75,7.0,4.0,70698.78,22987.67
301092.9,257.53,4.43,7.0,6.0,68258.11,36205.15
391910.4,256.7,6.36,7.0,4.0,62699.44,37816.34
532762.5,256.06,8.54,7.0,6.0,76933.61,33433.34
311005.5,215.53,6.67,6.0,3.0,65959.78,29803.17
560978.7,230.12,7.04,7.0,2.0,78020.04,49601.24
414325.80000000005,237.03,6.52,7.0,2.0,69559.5,42013.73
675672.8999999999,260.77,7.51,8.0,6.0,90890.49,45519.26
236112.0,227.13,6.81,6.0,3.0,56901.09,13704.35
287185.19999999995,266.32,6.04,8.0,6.0,59206.17,28805.36
352108.5,208.16,5.89,6.0,2.0,65302.37,43818.68
513948.60000000003,177.12,7.13,5.0,3.0,86369.24,43683.3
397650.89999999997,228.26,6.02,7.0,3.0,71499.92,41870.91
450449.39999999997,259.77,6.61,8.0,3.0,69312.98,44237.12
472074.0,219.78,7.44,6.0,2.0,77797.39,33847.01
208070.09999999998,205.96,5.35,6.0,4.0,55631.3,30884.45
457376.10000000003,212.56,7.07,6.0,4.0,70836.01,37047.88
314645.4,199.98,7.03,6.0,3.0,62152.61,42785.08
393229.19999999995,233.1,6.37,7.0,4.0,66919.92,38858.88
461199.0,255.01,4.46,7.0,5.0,79868.12,54228.07
373464.30000000005,234.15,6.43,7.0,2.0,73145.46,41209.03
219819.90000000002,239.03,5.28,7.0,4.0,54535.45,30852.21
328742.1,290.88,4.77,9.0,4.0,72240.13,25012.87
142801.8,194.28,5.41,5.0,3.0,47266.34,33421.96
479973.30000000005,189.39,7.75,5.0,4.0,82551.54,40086.09
502747.80000000005,286.72,5.79,8.0,3.0,72232.37,49668.5
352760.69999999995,256.05,5.65,7.0,6.0,71624.59,29089.78
340523.69999999995,228.79,6.63,7.0,4.0,71670.45,31709.34
549962.7,227.18,4.99,6.0,2.0,86157.18,62963.76
336105.0,247.35,5.38,7.0,3.0,82416.13,15290.32
324220.80000000005,202.53,5.78,6.0,2.0,69566.74,37491.15
350572.5,241.87,5.55,7.0,2.0,66684.35,37226.31
575907.8999999999,262.67,8.18,8.0,5.0,71743.48,44674.89
439981.80000000005,278.24,6.37,8.0,5.0,55473.74,48021.89
370211.1,265.89,7.12,8.0,6.0,66261.62,26264.32
380845.80000000005,253.28,7.53,7.0,6.0,65380.32,21641.48
352833.6,199.37,6.37,6.0,3.0,73431.53,31148.1
411389.39999999997,225.78,5.77,6.0,2.0,76169.73,50352.42
373952.69999999995,248.7,5.37,7.0,5.0,72630.65,34119.17
306080.69999999995,261.8,6.04,8.0,4.0,64601.8,24117.46
339124.5,243.83,7.8,7.0,4.0,55995.01,20895.68
267168.0,274.65,4.92,8.0,6.0,58301.73,32759.45
425147.69999999995,242.62,7.86,7.0,3.0,66579.52,35826.71
412947.89999999997,218.39,6.13,6.0,4.0,73829.78,51385.52
391862.1,202.47,6.05,6.0,3.0,86640.8,22432.14
382562.69999999995,259.6,5.66,8.0,5.0,80535.0,25691.68
270756.30000000005,258.17,5.57,8.0,5.0,51474.31,38952.19
261693.59999999998,229.18,5.92,7.0,2.0,69333.68,17187.12
298355.1,265.5,5.85,8.0,5.0,55554.8,44903.45
386702.4,253.02,7.55,7.0,5.0,64055.28,27804.61
483002.10000000003,254.09,7.93,7.0,4.0,76811.4,27770.25
553116.3,245.6,7.07,7.0,3.0,78030.07,42432.71
567584.7,245.83,7.4,7.0,4.0,76921.68,44920.66
435323.39999999997,272.4,5.67,8.0,5.0,63833.84,34481.67
444582.30000000005,246.32,6.72,7.0,5.0,69120.09,36631.93
343343.4,273.07,4.44,8.0,3.0,65454.97,47740.64
383983.80000000005,249.7,7.8,7.0,5.0,53067.17,46132.75
357906.30000000005,295.84,6.16,9.0,6.0,59519.21,42176.86
350135.69999999995,178.98,7.23,5.0,4.0,64724.69,43833.66
367683.9,200.43,6.69,6.0,2.0,83936.75,25569.37
339485.69999999995,165.87,6.58,4.0,2.0,70298.14,33457.75
509250.60000000003,281.8,6.26,8.0,3.0,79337.33,41521.38
409649.10000000003,248.07,5.78,7.0,3.0,63578.82,42322.61
186735.0,224.02,4.89,6.0,4.0,65124.66,19161.78
465328.5,246.13,4.7,7.0,3.0,84364.71,50521.1
389738.1,182.45,6.65,5.0,2.0,76287.47,35212.74
387097.5,289.17,6.48,9.0,3.0,56433.01,46058.87
355165.19999999995,253.15,5.28,7.0,6.0,83406.74,25350.74
391780.19999999995,285.71,5.57,8.0,4.0,74867.51,33768.51
383735.4,260.18,6.96,8.0,6.0,55698.37,49506.83
235967.69999999998,242.28,4.03,7.0,3.0,59575.62,37153.85
476458.80000000005,254.91,7.59,7.0,3.0,69605.57,35427.15
292994.69999999995,266.62,4.66,8.0,3.0,67663.97,30546.45
375260.1,253.77,6.77,7.0,3.0,75354.41,21574.47
313988.1,241.14,5.53,7.0,3.0,63750.22,40582.0
334780.5,192.99,5.92,5.0,4.0,72263.21,28428.3
323344.19999999995,227.68,5.76,6.0,2.0,69246.15,35005.79
314306.69999999995,234.98,5.81,7.0,3.0,65465.54,31297.53
699633.3,288.46,7.14,9.0,3.0,107701.75,37619.44
286930.5,226.78,6.85,6.0,3.0,58829.37,31236.58
567787.2,253.53,7.19,7.0,5.0,94650.55,27797.78
84962.4,190.69,4.68,5.0,3.0,49851.13,32511.85
352806.30000000005,294.11,6.15,9.0,6.0,61522.93,30398.57
235145.69999999998,236.09,4.98,7.0,3.0,59082.0,33462.67
487710.89999999997,246.1,8.15,7.0,6.0,80732.17,28954.7
588554.1000000001,239.29,6.99,7.0,2.0,88222.04,34795.32
325366.80000000005,205.12,5.48,6.0,2.0,70651.69,35339.57
428474.10000000003,213.84,6.05,6.0,2.0,79289.11,41321.11
490483.80000000005,279.4,6.45,8.0,6.0,73969.66,39663.85
274797.9,208.75,5.06,6.0,4.0,62857.08,48339.94
312712.19999999995,227.72,3.41,6.0,2.0,72991.48,50626.5
263885.4,287.33,4.21,8.0,5.0,62794.97,31162.06
363129.6,219.53,5.73,6.0,2.0,71806.36,47563.23
317778.6,274.37,5.37,8.0,6.0,69584.66,17045.81
291725.4,246.7,6.73,7.0,5.0,62357.03,23382.54
372893.69999999995,253.0,5.45,7.0,5.0,59716.74,41273.01
329053.80000000005,209.05,5.87,6.0,3.0,71093.69,37143.4
417805.5,273.88,5.58,8.0,3.0,76336.07,37258.2
324139.5,259.53,3.8,8.0,5.0,54762.05,58460.28
246423.90000000002,218.24,5.77,6.0,2.0,61666.15,34605.03
671333.3999999999,279.58,7.26,8.0,4.0,92280.5,38004.15
455496.0,271.63,5.54,8.0,3.0,74312.9,43906.74
451065.60000000003,278.63,6.08,8.0,3.0,70026.93,38102.47
365746.19999999995,199.84,6.31,6.0,2.0,68524.19,48112.39
382877.69999999995,176.43,5.59,5.0,2.0,87927.97,34724.16
420149.10000000003,241.19,6.76,7.0,2.0,74082.02,32617.47
338152.5,209.02,6.09,6.0,2.0,72245.34,25508.79
375499.19999999995,258.75,5.22,8.0,3.0,63555.46,41839.48
440806.5,233.14,5.85,7.0,2.0,74170.66,40719.24
283966.80000000005,254.54,4.92,7.0,4.0,70005.69,25136.22
345197.69999999995,254.34,6.52,7.0,4.0,67547.87,28131.72
397746.0,281.47,6.83,8.0,3.0,61776.62,27970.52
345028.19999999995,230.04,5.61,7.0,4.0,69200.66,31085.32
302742.6,254.84,6.03,7.0,3.0,66887.15,23806.24
511582.80000000005,244.16,6.38,7.0,5.0,83201.02,43837.42
248938.5,273.47,5.57,8.0,4.0,59944.65,28999.13
313932.9,234.18,6.02,7.0,2.0,53676.37,47027.06
345680.69999999995,232.49,5.43,7.0,4.0,64074.96,40211.11
327444.0,238.18,4.74,7.0,2.0,77324.4,32839.9
311974.5,209.69,5.36,6.0,4.0,76870.36,25655.87
169719.90000000002,264.08,4.0,8.0,5.0,55897.31,31094.11
521888.39999999997,280.24,5.41,8.0,6.0,87765.52,39910.34
432638.69999999995,287.59,5.89,8.0,3.0,78331.93,31032.86
301237.5,194.01,3.74,5.0,2.0,74569.86,39183.96
343086.30000000005,233.44,5.07,7.0,2.0,87314.64,25224.65
318072.30000000005,218.33,4.62,6.0,2.0,78019.86,36689.23
464688.89999999997,243.1,6.95,7.0,4.0,64432.61,50851.06
317095.19999999995,258.47,5.28,8.0,6.0,74332.85,30212.44
434205.89999999997,225.26,7.8,6.0,3.0,74664.34,23817.9
375469.80000000005,212.76,5.53,6.0,4.0,73406.22,38073.52
225590.69999999998,255.22,4.96,7.0,3.0,58464.31,25157.45
229486.80000000002,228.17,4.91,7.0,2.0,61600.93,37457.81
461987.69999999995,217.1,5.83,6.0,4.0,75155.18,51562.59
288824.1,220.44,5.62,6.0,2.0,67828.91,27127.63
406156.19999999995,262.31,6.12,8.0,3.0,50144.74,43233.32
555157.8,294.52,5.02,9.0,5.0,86557.25,42757.44
533523.6000000001,225.19,5.66,6.0,3.0,87733.86,43943.48
410701.80000000005,279.98,7.32,8.0,3.0,65846.41,22355.22
359392.5,226.13,6.92,6.0,2.0,45551.4,49839.32
579043.2,281.68,6.6,8.0,4.0,89946.9,40502.74
444583.80000000005,239.18,7.84,7.0,2.0,72792.67,34104.37
404273.69999999995,290.4,5.99,9.0,4.0,68709.1,31659.7
407594.10000000003,181.32,5.43,5.0,3.0,87506.73,32699.65
279530.4,234.63,4.61,7.0,3.0,62862.49,37254.7
361788.9,243.5,5.35,7.0,5.0,59054.13,51384.43
237643.80000000002,285.68,5.22,8.0,3.0,45978.39,36062.79
485601.30000000005,282.65,6.21,8.0,5.0,80281.42,45424.22
259334.09999999998,237.81,5.3,7.0,3.0,65908.74,24080.59
198789.0,230.5,5.54,7.0,3.0,55930.14,24898.74
445543.80000000005,237.5,6.14,7.0,4.0,77587.95,37280.44
314168.1,206.8,5.86,6.0,3.0,62636.83,51456.3
417838.19999999995,288.93,4.05,9.0,4.0,76142.12,41931.47
283072.5,177.25,6.3,5.0,4.0,63524.22,48123.71
538019.7,223.95,6.59,6.0,2.0,85673.31,33110.56
264381.9,275.63,6.27,8.0,6.0,49268.37,41349.04
641614.2,262.63,8.16,8.0,5.0,87978.41,39586.43
462261.0,228.91,6.61,7.0,2.0,78785.28,33603.48
512295.0,229.69,8.37,7.0,4.0,79271.9,28904.22
307711.5,236.79,6.11,7.0,3.0,62755.45,41525.38
462355.80000000005,240.31,6.07,7.0,4.0,81944.65,34262.32
579103.2,267.2,7.22,8.0,6.0,67384.0,48918.06
444344.10000000003,265.31,6.0,8.0,4.0,67282.57,42768.91
329917.5,219.87,5.14,6.0,3.0,57869.98,44474.7
357260.1,252.4,7.05,7.0,3.0,64967.78,28164.22
321095.69999999995,192.97,6.57,5.0,4.0,69700.74,21934.9
407464.19999999995,286.62,5.41,8.0,4.0,74490.64,35563.46
359617.5,268.23,7.04,8.0,6.0,54827.03,45027.11
532414.5,279.68,6.84,8.0,3.0,74369.67,45991.86
461671.19999999995,226.83,6.09,6.0,4.0,81357.87,51019.21
438708.30000000005,241.91,5.81,7.0,4.0,73185.62,54680.64
285978.6,225.68,4.58,6.0,3.0,53526.93,51611.11
428132.39999999997,243.21,6.86,7.0,3.0,64736.28,47717.14
230873.09999999998,256.27,4.74,7.0,4.0,68488.62,28298.49
200476.5,186.23,7.05,5.0,2.0,49424.27,18656.64
240242.69999999998,245.41,5.24,7.0,4.0,62032.96,25267.11
428160.60000000003,259.44,6.38,8.0,6.0,64506.79,41521.44
235069.80000000002,242.57,6.59,7.0,3.0,51178.15,31822.07
284721.6,253.94,3.65,7.0,3.0,64290.21,54157.3
508077.60000000003,275.94,7.09,8.0,3.0,61482.24,50245.27
502667.10000000003,320.0,8.2,10.0,4.0,70130.56,26794.26
583008.0,223.81,7.2,6.0,4.0,84923.4,43231.62
331878.30000000005,228.74,4.92,7.0,2.0,63233.73,49272.46
293630.1,211.28,6.77,6.0,4.0,53776.63,29324.0
299348.1,262.08,4.97,8.0,5.0,67125.15,22651.11
318661.80000000005,188.48,6.35,5.0,4.0,66007.94,45399.56
414651.60000000003,293.89,6.44,9.0,4.0,64838.49,32921.01
384522.30000000005,210.54,6.53,6.0,4.0,83889.44,17957.86
477799.5,262.31,6.72,8.0,6.0,78846.27,41261.19
374267.4,250.27,5.38,7.0,6.0,72556.2,31487.04
233762.40000000002,253.32,5.54,7.0,3.0,62069.76,27098.84
366828.30000000005,230.98,4.74,7.0,3.0,88697.62,29935.9
414214.5,279.94,6.86,8.0,6.0,57216.21,35046.01
211465.19999999998,239.15,4.23,7.0,2.0,53712.14,31913.7
459144.30000000005,206.49,5.94,6.0,3.0,77330.79,49571.11
534124.5,283.98,6.32,8.0,4.0,66556.39,45325.66
512900.10000000003,273.97,6.34,8.0,6.0,74864.37,46250.65
255769.80000000002,270.75,4.73,8.0,3.0,62561.56,37446.17
355593.0,232.72,5.26,7.0,2.0,77821.62,33932.55
538527.8999999999,293.68,5.81,9.0,6.0,79579.99,43214.77
286872.6,210.86,4.1,6.0,4.0,69923.35,45202.14
367336.5,246.41,4.88,7.0,4.0,63879.68,56266.97
165683.7,210.99,4.49,6.0,2.0,59154.68,26567.51
355907.1,258.53,7.74,8.0,5.0,52835.26,34537.0
474678.60000000003,296.64,7.38,9.0,3.0,63750.37,47248.06
443408.39999999997,269.14,5.49,8.0,5.0,81741.63,29755.51
415891.80000000005,243.37,6.55,7.0,5.0,77594.6,24293.63
427436.10000000003,252.03,5.78,7.0,3.0,79843.15,42452.94
362081.1,248.81,3.64,7.0,6.0,77081.68,40080.44
362786.4,266.11,4.82,8.0,5.0,70713.64,29436.45
308961.0,238.72,5.75,7.0,2.0,63798.0,26626.53
90139.20000000001,216.5,4.9,6.0,4.0,45914.01,26309.24
388283.4,235.99,5.15,7.0,2.0,88190.47,25177.49
375527.1,275.93,5.65,8.0,6.0,72010.8,16376.64
338520.9,213.22,7.33,6.0,4.0,52420.53,39766.42
409100.69999999995,255.64,5.43,7.0,5.0,74748.15,36071.76
353323.5,247.22,5.56,7.0,6.0,80913.46,30034.34
294082.19999999995,265.37,5.21,8.0,4.0,59480.05,43703.78
457234.80000000005,222.62,5.45,6.0,4.0,80951.28,38990.81
393570.89999999997,238.23,7.46,7.0,3.0,63856.31,31114.9
335997.9,246.64,5.79,7.0,5.0,74727.89,27639.06
461676.89999999997,246.5,6.84,7.0,3.0,78095.35,32346.43
253089.90000000002,222.24,4.07,6.0,4.0,69689.63,27438.69
270990.6,246.99,5.43,7.0,5.0,54973.19,40412.72
348598.80000000005,248.19,5.95,7.0,4.0,62571.35,41465.12
219990.0,172.66,5.14,5.0,3.0,69370.93,33732.46
551379.3,226.59,7.05,6.0,3.0,82415.25,46297.58
288608.69999999995,268.46,5.99,8.0,3.0,52864.76,39156.98
443329.5,264.19,6.56,8.0,6.0,65855.86,45528.54
425803.80000000005,246.84,7.95,7.0,4.0,61310.28,33201.05
161844.90000000002,244.32,4.39,7.0,4.0,39411.65,45851.4
329310.6,260.9,5.39,8.0,3.0,77265.75,21558.38
423682.19999999995,232.42,6.34,7.0,2.0,74777.76,30013.3
304032.9,271.05,3.28,8.0,4.0,67474.28,34971.54
268175.69999999995,215.47,6.78,6.0,4.0,68848.2,25880.41
370359.6,238.18,6.33,7.0,4.0,66148.04,31574.41
259410.90000000002,233.38,6.12,7.0,3.0,63595.96,19345.41
293107.19999999995,234.37,6.25,7.0,4.0,60741.57,24534.37
280844.69999999995,244.4,4.42,7.0,5.0,73540.63,39756.37
317093.1,201.72,5.75,6.0,3.0,74633.94,30600.6
312182.1,266.66,5.76,8.0,3.0,62016.69,35750.29
492330.60000000003,217.71,5.86,6.0,4.0,84249.86,44571.38
150919.8,217.88,6.45,6.0,4.0,44247.15,22011.95
388844.1,266.07,6.93,8.0,6.0,59473.99,41215.3
349263.0,240.72,6.9,7.0,3.0,67839.38,26377.27
299944.5,171.7,7.16,5.0,2.0,62972.0,33869.9
318269.4,269.32,5.9,8.0,6.0,61162.58,36033.7
554590.2,253.13,5.54,7.0,3.0,87472.26,48306.8
185147.40000000002,220.67,4.6,6.0,3.0,48692.98,36239.39
257309.09999999998,219.76,4.95,6.0,3.0,67858.5,29708.76
376030.19999999995,238.99,5.74,7.0,4.0,72332.06,45804.33
490527.60000000003,265.23,6.15,8.0,5.0,80775.9,26601.56
457453.5,230.79,7.3,7.0,3.0,75151.11,32032.14
229161.0,174.13,5.95,5.0,3.0,62095.04,36183.29
412991.39999999997,258.22,5.25,8.0,4.0,75759.49,46188.17
373332.0,244.79,8.39,7.0,6.0,64374.31,23251.05
208179.59999999998,269.22,5.97,8.0,6.0,48147.87,32050.58
383323.5,242.68,5.61,7.0,2.0,64127.44,42628.71
461798.69999999995,237.55,5.53,7.0,4.0,83921.91,39569.83
271164.6,236.39,6.23,7.0,2.0,54617.89,29613.84
269083.19999999995,250.9,7.38,7.0,3.0,45493.21,38938.27
355427.69999999995,204.66,5.26,6.0,2.0,72780.15,44953.52
519431.10000000003,258.74,5.46,8.0,6.0,96395.32,35036.19
228643.5,243.36,5.82,7.0,3.0,47467.42,37341.62
381271.5,279.0,5.61,8.0,5.0,61807.48,44586.72
300013.19999999995,273.0,5.63,8.0,4.0,54794.42,39385.68
590291.1000000001,274.08,5.71,8.0,3.0,94923.41,43818.81
334433.69999999995,218.16,7.03,6.0,3.0,62058.5,28954.5
201498.59999999998,204.76,6.06,6.0,4.0,46952.23,31628.23
364496.1,255.1,6.51,7.0,3.0,67003.63,28464.33
315971.1,256.66,4.3,7.0,3.0,87835.27,16250.77
454501.5,219.73,7.11,6.0,2.0,73433.63,44544.23
519658.80000000005,253.3,6.74,7.0,6.0,70124.39,51673.96
476136.60000000003,268.86,4.75,8.0,5.0,84366.24,43445.02
355468.19999999995,250.92,7.83,7.0,4.0,60343.6,24199.05
394304.69999999995,290.85,5.81,9.0,3.0,71308.86,22710.19
215347.5,248.92,4.32,7.0,4.0,65430.98,33320.4
432521.10000000003,235.34,5.43,7.0,2.0,73591.49,51662.32
335862.6,236.9,7.46,7.0,4.0,52805.84,37161.11
255293.09999999998,250.61,6.08,7.0,4.0,58187.05,31551.86
496640.10000000003,271.33,6.07,8.0,3.0,70506.22,44706.72
492522.0,244.92,7.26,7.0,4.0,77412.45,33258.83
410992.80000000005,256.59,6.68,7.0,3.0,65087.72,40283.25
439750.80000000005,244.31,5.61,7.0,3.0,72547.05,39218.76
536800.5,253.36,6.38,7.0,3.0,78864.05,50194.11
258989.09999999998,254.24,6.79,7.0,6.0,67335.76,10311.0
427609.80000000005,229.02,5.19,7.0,3.0,79552.39,50113.84
681333.8999999999,308.3,7.15,9.0,5.0,89089.43,49782.15
411210.0,249.99,7.2,7.0,6.0,67110.33,31998.76
470022.0,224.5,6.48,6.0,3.0,80778.9,34431.17
431098.5,220.85,5.07,6.0,4.0,76624.15,47039.09
403788.89999999997,227.58,6.45,6.0,2.0,80011.58,26576.39
379554.30000000005,216.21,6.01,6.0,3.0,70472.79,34894.16
318366.9,268.62,5.38,8.0,6.0,57457.0,37378.95
415190.10000000003,210.2,5.61,6.0,3.0,80000.76,42245.45
315455.69999999995,266.55,5.68,8.0,5.0,66387.68,22552.54
465108.0,241.61,6.85,7.0,4.0,64699.39,49083.67
412517.10000000003,215.28,5.42,6.0,2.0,84777.3,42038.8
564893.7,248.33,6.87,7.0,3.0,81196.61,49574.71
382216.19999999995,243.55,7.6,7.0,3.0,60690.72,35528.5
427930.5,269.0,7.17,8.0,3.0,72000.92,27699.05
274076.1,235.91,6.75,7.0,4.0,51144.77,39369.3
335019.30000000005,244.7,6.56,7.0,4.0,57683.85,43348.49
367976.1,261.33,6.14,8.0,6.0,63759.05,35072.0
551093.3999999999,216.57,8.76,6.0,2.0,68615.77,51791.81
435646.19999999995,217.18,7.52,6.0,4.0,66823.43,30852.29
388425.0,274.09,6.7,8.0,5.0,67564.17,21880.05
317961.30000000005,269.29,4.36,8.0,5.0,68008.62,28908.09
484604.10000000003,272.4,6.21,8.0,3.0,73715.42,45540.94
332307.6,211.17,7.16,6.0,2.0,50813.7,30767.31
699087.0,254.67,8.57,7.0,3.0,83814.1,51538.06
334857.9,259.63,7.73,8.0,3.0,51666.77,41926.02
321676.19999999995,208.73,5.82,6.0,4.0,69236.93,39399.94
488082.60000000003,246.95,6.43,7.0,4.0,81099.58,29780.17
500904.30000000005,305.87,6.93,9.0,3.0,59303.82,43609.46
241836.59999999998,201.73,4.14,6.0,4.0,69610.97,39210.48
504075.89999999997,268.58,5.65,8.0,6.0,77402.4,39351.02
355932.6,270.36,4.97,8.0,4.0,73386.41,38413.49
529874.3999999999,218.48,8.6,6.0,2.0,70961.58,38251.81
492316.80000000005,278.94,6.64,8.0,5.0,81181.57,26690.71
336268.5,230.8,7.58,7.0,2.0,57272.33,30099.4
397712.10000000003,245.13,8.17,7.0,5.0,58871.79,25091.82
478004.39999999997,225.34,6.62,6.0,4.0,74029.35,36360.27
181521.90000000002,236.35,4.04,7.0,3.0,56849.22,43522.69
319353.0,228.81,5.94,7.0,2.0,73587.05,25271.93
261709.80000000002,258.85,5.84,8.0,3.0,49728.44,37608.68
335322.6,261.74,5.96,8.0,3.0,60631.11,40928.28
580551.8999999999,238.66,7.07,7.0,3.0,78404.36,49398.26
500601.30000000005,282.0,4.85,8.0,3.0,86611.18,45359.03
321811.5,222.23,6.59,6.0,2.0,58914.49,35282.71
574424.1000000001,274.75,5.54,8.0,4.0,75867.02,56294.43
251758.19999999998,209.43,5.42,6.0,3.0,66581.57,18230.52
385547.4,263.34,7.64,8.0,6.0,62820.18,23734.17
430084.5,275.62,6.07,8.0,3.0,69711.9,36291.15
437802.89999999997,185.49,6.24,5.0,4.0,82710.59,44768.69
495853.80000000005,295.37,7.24,9.0,6.0,58828.04,44277.3
217749.30000000002,293.26,4.88,9.0,4.0,53161.83,30535.26
413659.19999999995,238.9,4.57,7.0,3.0,79361.03,53875.29
301182.6,251.88,6.3,7.0,6.0,58325.7,31256.22
218964.90000000002,237.71,5.64,7.0,2.0,55772.9,41638.66
381014.4,246.02,5.83,7.0,3.0,71893.43,40364.19
508711.80000000005,223.14,6.69,6.0,2.0,75922.89,49458.67
214446.90000000002,286.74,5.53,8.0,4.0,54648.29,20270.54
438869.69999999995,219.67,6.43,6.0,4.0,71857.57,52563.98
338178.0,260.95,5.37,8.0,6.0,67424.19,32412.84
304267.80000000005,230.84,5.15,7.0,4.0,70564.86,38376.47
255894.90000000002,174.05,4.66,5.0,4.0,74237.26,37651.01
249086.09999999998,282.73,5.17,8.0,6.0,58004.27,29182.72
581659.8,304.08,4.83,9.0,4.0,101928.86,22804.99
374293.5,222.81,6.85,6.0,4.0,55809.49,49001.9
244024.5,272.59,4.73,8.0,3.0,48357.06,45206.73
203811.90000000002,211.27,5.0,6.0,2.0,65017.75,26910.32
244463.69999999998,211.28,5.49,6.0,3.0,66949.0,30323.74
446862.0,221.36,5.73,6.0,4.0,82848.56,40338.11
440621.69999999995,248.36,6.52,7.0,5.0,65851.26,36110.06
557965.2,227.6,5.82,6.0,4.0,93579.12,38977.94
467627.69999999995,252.55,6.77,7.0,5.0,76114.16,42601.82
636266.3999999999,271.29,7.76,8.0,4.0,84289.8,42768.46
237179.69999999998,262.36,5.55,8.0,5.0,57715.54,19844.17
341239.5,220.58,6.61,6.0,3.0,85825.86,13983.3
410925.89999999997,256.7,7.68,7.0,4.0,62765.29,22272.19
429966.30000000005,292.62,5.84,9.0,5.0,70205.72,26973.43
411914.39999999997,257.19,4.79,7.0,3.0,66595.66,42385.4
282585.30000000005,230.4,5.63,7.0,3.0,64303.64,20214.6
284484.0,245.81,7.35,7.0,3.0,57358.62,22061.59
409510.80000000005,243.05,6.04,7.0,3.0,74216.13,45068.6
386724.6,285.49,4.4,8.0,4.0,68503.49,34699.26
419693.69999999995,323.89,5.73,10.0,3.0,55481.29,42179.67
467903.69999999995,257.74,8.31,7.0,5.0,75266.0,13108.02
445703.10000000003,278.73,6.75,8.0,5.0,68854.09,37482.55
466077.89999999997,263.28,4.6,8.0,4.0,74854.1,50538.01
353783.4,274.27,5.74,8.0,6.0,54634.32,41564.01
378739.80000000005,205.69,8.17,6.0,2.0,57098.2,42721.29
499052.69999999995,297.23,6.49,9.0,4.0,68035.56,34174.74
279003.6,241.51,5.46,7.0,3.0,63128.61,39536.81
475250.39999999997,300.84,6.17,9.0,3.0,62937.05,38082.48
655644.0,269.38,7.08,8.0,5.0,82915.91,50445.65
458708.69999999995,238.24,6.46,7.0,4.0,70138.53,44684.74
299472.30000000005,248.13,5.69,7.0,6.0,75611.47,22047.2
153964.8,182.71,6.61,5.0,3.0,42822.31,29670.2
340934.4,273.26,7.35,8.0,5.0,60145.23,25198.79
569600.7,260.06,6.52,8.0,6.0,87853.85,42302.26
376672.80000000005,273.6,5.38,8.0,5.0,66392.57,26623.18
410292.30000000005,254.17,6.3,7.0,5.0,58204.22,46663.4
536485.5,295.87,6.55,9.0,3.0,88244.61,25791.99
369108.9,286.4,4.5,8.0,6.0,68737.6,34216.69
300065.1,276.2,4.67,8.0,3.0,56423.03,40155.74
176102.40000000002,257.78,3.91,7.0,5.0,66678.06,23031.17
520311.89999999997,264.84,7.91,8.0,5.0,71517.01,40239.28
228650.09999999998,217.45,3.98,6.0,4.0,66097.62,37467.6
459853.80000000005,263.09,7.56,8.0,5.0,76423.32,24402.24
373050.6,216.83,5.45,6.0,4.0,72660.16,48711.55
488663.39999999997,237.65,5.19,7.0,2.0,92787.28,36590.45
530199.3,246.25,7.04,7.0,3.0,78535.64,44280.08
392625.6,237.66,5.88,7.0,2.0,58110.57,49355.98
393504.30000000005,283.08,6.36,8.0,4.0,71614.59,29922.17
470210.39999999997,240.34,6.98,7.0,3.0,76813.78,31822.49
338046.30000000005,236.09,6.27,7.0,3.0,73508.36,34894.58
442128.60000000003,210.14,7.12,6.0,4.0,63805.7,48433.82
409800.30000000005,221.82,6.31,6.0,4.0,67651.53,50823.46
503283.60000000003,305.28,5.65,9.0,6.0,69086.61,39890.3
536991.8999999999,235.08,7.31,7.0,3.0,93822.31,28555.79
588514.8,285.77,6.99,8.0,3.0,89808.63,30847.09
201967.5,174.32,5.75,5.0,2.0,64896.62,33201.08
369117.30000000005,263.08,7.22,8.0,4.0,61853.86,23811.23
337445.4,216.12,5.61,6.0,2.0,64205.86,48649.61
327298.80000000005,246.77,6.74,7.0,3.0,74872.36,20068.16
471046.19999999995,286.6,5.63,8.0,3.0,81980.59,41393.59
205536.90000000002,218.17,5.87,6.0,3.0,52801.98,21518.04
253665.90000000002,294.61,5.05,9.0,4.0,54510.2,20211.44
292441.80000000005,176.15,5.79,5.0,3.0,61868.61,34967.08
374298.30000000005,251.68,7.54,7.0,3.0,63655.18,16409.12
414425.10000000003,254.09,5.29,7.0,5.0,86031.51,35417.77
517909.19999999995,296.4,6.88,9.0,6.0,72748.51,40137.5
288461.69999999995,211.04,7.74,6.0,3.0,61839.77,26064.82
407993.39999999997,232.25,6.46,7.0,2.0,76519.68,28961.43
415339.80000000005,224.8,6.23,6.0,2.0,76774.86,34313.83
459434.10000000003,244.08,5.9,7.0,6.0,76659.75,41717.72
425578.80000000005,191.85,5.97,5.0,3.0,71371.43,52265.6
442916.10000000003,242.32,5.74,7.0,2.0,83460.87,31385.46
350506.5,206.52,5.63,6.0,4.0,74740.73,29954.62
366810.30000000005,262.19,6.66,8.0,6.0,70229.02,28829.01
296234.4,186.26,5.32,5.0,4.0,72950.86,38711.03
294837.30000000005,222.58,5.95,6.0,4.0,58515.95,33776.48
158324.7,256.46,5.27,7.0,5.0,52207.44,21095.59
417369.89999999997,246.4,6.48,7.0,5.0,72821.25,40594.06
328296.6,265.66,4.86,8.0,3.0,66250.32,24201.75
483065.10000000003,287.74,6.0,8.0,6.0,74275.5,38535.73
530611.5,223.13,8.1,6.0,4.0,81167.44,28713.96
370877.4,254.08,7.81,7.0,4.0,56119.33,36041.28
398702.10000000003,220.67,5.9,6.0,4.0,84998.46,28623.41
511238.10000000003,259.97,7.01,8.0,6.0,69604.43,40684.08
396566.39999999997,240.17,6.13,7.0,3.0,70775.43,40561.3
334181.1,184.9,6.86,5.0,3.0,66236.84,38906.86
313088.4,271.28,5.12,8.0,5.0,57451.87,38532.98
499096.19999999995,252.75,6.84,7.0,6.0,66293.88,48877.5
290903.69999999995,220.35,4.27,6.0,2.0,69100.99,46139.14
354904.5,262.19,5.58,8.0,4.0,75729.77,29996.02
287344.5,244.93,5.67,7.0,3.0,58599.62,26569.66
273867.6,255.78,5.52,7.0,3.0,59498.08,25401.1
443927.39999999997,287.09,6.12,8.0,6.0,72409.67,40605.97
429452.39999999997,269.11,6.3,8.0,4.0,69316.8,24448.21
524373.3,296.54,7.35,9.0,6.0,68656.91,43833.85
468924.89999999997,299.46,5.92,9.0,5.0,71240.25,42566.5
427723.5,264.1,5.09,8.0,6.0,73223.94,41113.01
241336.19999999998,205.65,5.93,6.0,4.0,60968.33,28483.81
318132.30000000005,280.75,5.07,8.0,4.0,65935.61,36262.43
286421.1,237.01,4.5,7.0,4.0,62773.52,41389.36
345781.19999999995,252.22,5.33,7.0,3.0,69304.57,29466.0
286783.19999999995,209.21,4.42,6.0,4.0,73219.0,31619.58
129974.09999999999,213.13,4.64,6.0,3.0,63787.54,22449.53
515663.10000000003,253.3,7.39,7.0,6.0,76613.08,43250.99
371062.5,233.15,7.95,7.0,2.0,64461.39,34210.94
204660.0,184.57,6.85,5.0,4.0,41533.01,31685.4
342575.1,208.41,4.97,6.0,4.0,79575.64,31050.1
348820.5,193.2,5.22,5.0,4.0,82185.47,29258.99
504402.30000000005,268.93,7.22,8.0,6.0,69853.42,41913.64
283794.6,199.22,6.94,6.0,4.0,51519.62,43258.64
256213.5,238.19,7.08,7.0,4.0,48616.86,29770.08
411898.19999999995,219.29,7.73,6.0,4.0,63324.58,43281.57
124371.29999999999,282.09,2.64,8.0,6.0,65016.22,15902.58
372096.0,215.65,4.74,6.0,2.0,76855.87,45388.31
492194.10000000003,267.59,6.76,8.0,4.0,75302.08,42382.75
461200.80000000005,255.0,6.12,7.0,4.0,69438.7,57775.26
401390.10000000003,230.66,4.84,7.0,2.0,75764.2,36712.2
325533.9,197.49,5.43,5.0,3.0,68814.93,42285.98
271598.69999999995,221.87,6.31,6.0,4.0,60912.32,20915.82
148422.90000000002,213.91,5.31,6.0,3.0,41007.46,39526.57
371208.30000000005,226.55,6.11,6.0,2.0,61949.88,42092.88
259469.69999999998,262.83,4.64,8.0,6.0,67421.67,20167.04
300657.9,217.12,5.27,6.0,3.0,68428.39,31074.12
240033.0,232.77,5.68,7.0,4.0,61839.65,17244.97
423099.60000000003,247.59,7.1,7.0,5.0,62835.26,50097.95
310914.9,204.11,4.21,6.0,2.0,72485.2,43134.04
131143.8,201.75,4.78,6.0,3.0,60945.72,34162.96
187329.90000000002,189.3,4.4,5.0,3.0,83729.79,12906.25
353832.30000000005,202.04,7.41,6.0,2.0,57605.8,49411.41
522121.5,251.38,8.99,7.0,3.0,75358.48,21319.99
211840.5,203.17,4.53,6.0,3.0,53927.41,37875.55
261075.59999999998,200.08,6.86,6.0,4.0,60776.39,28318.75
331845.0,241.72,5.44,7.0,3.0,69648.51,36038.96
357803.4,275.64,4.73,8.0,4.0,59295.68,46784.54
607890.8999999999,231.18,5.46,7.0,2.0,97548.31,39089.42
393441.89999999997,282.98,6.84,8.0,6.0,61688.68,35552.99
337016.1,274.24,5.61,8.0,3.0,72469.54,27227.81
361725.0,262.65,6.64,8.0,6.0,76048.37,22469.52
474642.0,304.34,6.22,9.0,6.0,79186.45,17840.12
172030.5,216.2,5.4,6.0,2.0,49220.04,46981.93
520747.80000000005,286.5,6.45,8.0,6.0,80040.17,29699.01
315655.5,235.3,6.77,7.0,2.0,51995.58,47073.8
345384.6,280.52,7.87,8.0,4.0,52711.12,25594.17
459365.10000000003,267.16,8.08,8.0,3.0,56934.46,37076.2
331005.9,209.02,5.7,6.0,3.0,66760.7,42292.56
92460.0,164.24,5.36,4.0,2.0,52376.61,34189.14
426988.80000000005,230.52,7.04,7.0,4.0,70224.32,40274.17
394705.19999999995,232.65,6.95,7.0,3.0,62612.91,40789.83
191385.59999999998,154.38,5.03,4.0,2.0,80285.0,23457.13
308157.30000000005,197.26,6.04,5.0,2.0,66811.7,33499.33
218903.69999999998,252.19,5.38,7.0,6.0,51142.41,41872.64
503031.0,207.91,5.72,6.0,2.0,90535.17,42249.32
470736.60000000003,238.17,5.81,7.0,2.0,93185.81,23723.07
262491.0,189.52,5.38,5.0,3.0,70743.2,26897.71
351723.9,256.95,6.58,7.0,4.0,56024.55,36215.96
461695.5,196.13,6.4,5.0,2.0,76224.73,50003.26
385971.9,299.31,4.38,9.0,5.0,89671.02,15625.55
493809.89999999997,230.22,6.6,7.0,3.0,89825.66,18598.26
344193.9,216.97,6.83,6.0,3.0,61013.72,34771.66
292945.19999999995,210.41,6.14,6.0,4.0,63362.23,34971.82
322005.0,252.85,5.89,7.0,4.0,57086.37,39002.9
325276.80000000005,200.9,4.31,6.0,4.0,69044.94,34764.29
429675.60000000003,241.79,4.76,7.0,2.0,81438.58,43340.29
502821.30000000005,267.08,6.88,8.0,3.0,78299.64,39298.24
474167.10000000003,213.64,6.04,6.0,4.0,87386.38,31735.76
464962.19999999995,200.48,6.3,6.0,3.0,83149.78,45985.95
596901.8999999999,306.17,6.31,9.0,5.0,94085.47,31011.37
386094.30000000005,270.52,5.4,8.0,6.0,60710.16,44101.24
525890.3999999999,285.18,7.51,8.0,4.0,71309.25,32357.0
458913.30000000005,266.71,4.72,8.0,3.0,93303.68,38162.61
513183.60000000003,296.41,5.62,9.0,4.0,85631.08,42811.78
232203.0,208.72,6.37,6.0,2.0,51359.97,40796.68
460843.19999999995,222.83,5.9,6.0,3.0,75868.77,39295.7
498881.69999999995,273.6,5.81,8.0,6.0,82733.05,39060.77
432908.10000000003,210.97,5.95,6.0,4.0,67043.2,53738.63
384677.4,236.97,5.77,7.0,3.0,67037.27,41042.43
373790.4,307.27,6.74,9.0,3.0,56696.51,26083.32
307772.69999999995,228.02,6.3,7.0,4.0,65837.12,18249.72
414021.0,240.92,5.83,7.0,3.0,79477.87,30411.18
86612.70000000001,218.66,4.3,6.0,2.0,55048.33,25092.67
374274.30000000005,263.03,4.81,8.0,5.0,80613.46,35692.28
530219.7,259.87,7.45,8.0,6.0,76848.19,43978.26
476565.0,257.4,6.62,7.0,4.0,83586.9,34277.63
505565.10000000003,250.3,5.51,7.0,3.0,86343.44,35780.35
278685.0,237.02,6.39,7.0,3.0,65846.17,28214.36
469779.30000000005,276.02,6.02,8.0,5.0,69577.14,48122.1
278064.9,228.78,4.99,7.0,2.0,61581.05,43070.52
531185.1000000001,273.12,5.87,8.0,5.0,79097.13,43950.66
383806.19999999995,283.9,5.85,8.0,4.0,68988.29,28734.94
159229.5,188.41,4.84,5.0,3.0,46926.37,53820.13
562468.8,280.08,8.47,8.0,4.0,84708.41,28218.62
426867.0,253.32,5.73,7.0,6.0,79619.35,34605.39
373736.4,240.06,7.06,7.0,4.0,61795.48,40719.13
374439.30000000005,245.42,6.39,7.0,5.0,54621.02,44500.35
460669.5,234.35,7.44,7.0,4.0,70153.88,31863.4
512832.60000000003,273.79,6.56,8.0,4.0,79292.81,27772.67
429978.0,289.15,4.95,9.0,4.0,67348.1,52158.02
384827.69999999995,260.74,6.53,8.0,6.0,73355.69,28007.9
504812.69999999995,264.64,6.02,8.0,3.0,68958.02,46682.34
187344.90000000002,200.33,7.56,6.0,2.0,44088.27,31032.92
495505.5,258.35,5.02,8.0,6.0,80650.4,54516.29
230410.5,253.22,4.89,7.0,3.0,57945.32,23040.41
300563.1,207.54,5.19,6.0,2.0,63625.81,35778.46
450246.30000000005,279.35,6.88,8.0,6.0,60684.04,42643.14
382196.4,211.17,3.4,6.0,2.0,90160.69,34010.05
309313.80000000005,239.66,4.98,7.0,2.0,62016.08,48896.82
452459.69999999995,258.21,5.15,8.0,6.0,79261.15,36128.99
232198.80000000002,239.42,6.4,7.0,4.0,49205.82,30395.78
517112.10000000003,261.74,6.55,8.0,6.0,84973.89,38072.4
378248.1,274.01,3.96,8.0,3.0,80573.79,34411.87
410142.89999999997,230.02,7.19,7.0,4.0,71062.08,30770.85
390927.6,255.34,5.2,7.0,5.0,85828.01,29248.28
402561.0,224.12,7.15,6.0,4.0,67868.8,32732.16
356525.1,266.16,6.22,8.0,4.0,72778.92,24559.01
346523.1,267.97,4.6,8.0,6.0,73304.9,24283.87
314690.69999999995,241.25,5.25,7.0,4.0,68025.57,35478.58
395843.39999999997,234.35,5.8,7.0,2.0,81024.78,25837.86
306722.69999999995,223.84,4.93,6.0,4.0,69289.18,40695.8
418491.30000000005,239.06,5.36,7.0,4.0,72695.12,48115.42
355003.19999999995,260.73,5.0,8.0,4.0,67568.93,36474.99
377976.0,229.6,5.64,7.0,4.0,76503.55,42154.36
173875.8,242.1,4.97,7.0,2.0,66273.74,12950.57
477356.39999999997,256.41,7.41,7.0,4.0,57736.43,45688.1
431146.19999999995,258.23,7.21,8.0,6.0,73505.13,31536.85
255305.69999999998,236.82,4.65,7.0,3.0,60537.87,31247.58
396311.10000000003,221.6,6.4,6.0,2.0,66544.74,34141.7
333685.80000000005,214.11,6.48,6.0,3.0,60754.63,29425.41
452990.69999999995,263.63,4.2,8.0,3.0,86160.99,47757.32
287887.80000000005,248.09,7.9,7.0,5.0,44577.15,27835.54
309654.0,244.72,5.02,7.0,6.0,61951.49,38737.28
369604.5,240.37,5.99,7.0,3.0,79027.74,21387.63
472530.30000000005,227.87,7.33,6.0,4.0,69186.62,49505.78
377229.9,248.53,4.5,7.0,4.0,84268.22,31182.39
652142.7,260.85,6.56,8.0,5.0,93719.47,39900.45
334664.69999999995,245.75,5.71,7.0,5.0,65218.35,34863.86
419386.80000000005,187.98,5.54,5.0,3.0,78169.52,44503.92
301171.5,274.7,5.16,8.0,4.0,63907.72,28299.46
484312.19999999995,221.81,6.44,6.0,4.0,74867.53,57841.22
439010.39999999997,234.76,6.37,7.0,2.0,73950.98,30518.82
289986.30000000005,278.25,4.15,8.0,3.0,74158.86,32580.54
436098.89999999997,269.16,7.25,8.0,3.0,63280.71,43031.56
396416.69999999995,261.97,5.93,8.0,5.0,75869.24,32436.29
273153.9,248.06,4.07,7.0,6.0,61171.88,41919.9
308806.19999999995,258.05,5.8,8.0,5.0,66120.42,28439.36
482666.69999999995,246.33,5.5,7.0,5.0,79566.92,49311.76
437402.69999999995,252.75,5.38,7.0,4.0,84020.5,25975.51
659569.5,218.71,7.7,6.0,3.0,83936.34,55471.78
384533.4,216.5,7.4,6.0,4.0,60007.14,47734.41
358992.9,244.88,7.15,7.0,3.0,60125.81,25424.03
473548.19999999995,273.09,6.36,8.0,3.0,70580.44,36626.7
129026.40000000001,235.25,4.29,7.0,2.0,53029.35,34472.3
203396.40000000002,249.41,5.68,7.0,5.0,55289.11,30773.26
325660.19999999995,279.75,5.22,8.0,5.0,71776.62,29802.46
490434.30000000005,250.13,6.49,7.0,4.0,75999.7,35183.72
350235.0,269.73,5.84,8.0,3.0,56265.97,40493.06
320318.1,225.27,6.82,6.0,4.0,61590.89,34460.01
266321.69999999995,215.98,5.78,6.0,4.0,71172.49,23264.37
252877.5,253.29,3.49,7.0,6.0,57925.0,40177.88
259220.09999999998,216.49,3.39,6.0,4.0,75025.96,33970.36
152685.59999999998,223.87,5.47,6.0,2.0,53080.44,23763.2
367133.4,174.15,6.29,5.0,3.0,64629.46,46877.15
308711.1,273.51,4.46,8.0,5.0,62559.3,44521.76
446399.39999999997,243.62,5.23,7.0,6.0,90691.21,20846.54
550926.0,299.24,6.78,9.0,6.0,77700.59,38827.41
344420.1,269.18,5.03,8.0,4.0,66141.19,37355.86
395604.30000000005,204.01,6.05,6.0,4.0,79990.05,37816.8
352344.30000000005,209.1,5.29,6.0,4.0,76293.94,40712.4
456886.5,272.46,6.02,8.0,3.0,76255.79,41297.07
339643.80000000005,289.5,4.54,9.0,3.0,76365.18,19991.63
363738.6,221.71,6.45,6.0,3.0,73438.59,33285.95
259239.59999999998,270.68,7.28,8.0,5.0,46474.32,28182.1
400913.39999999997,252.07,6.32,7.0,3.0,68562.02,35476.17
524173.5,223.64,7.2,6.0,4.0,63785.55,67353.97
419506.19999999995,249.27,4.2,7.0,4.0,71320.87,47871.97
606047.3999999999,262.65,6.19,8.0,4.0,93128.72,42100.83
263333.69999999995,171.81,5.88,5.0,3.0,71833.87,31326.34
376560.6,293.31,5.74,9.0,3.0,51815.36,43604.79
352024.19999999995,222.16,5.71,6.0,2.0,69245.89,37597.87
398004.0,281.58,6.78,8.0,5.0,63765.5,34303.41
475656.60000000003,249.36,5.12,7.0,6.0,81844.46,51937.44
331901.1,227.35,5.89,6.0,3.0,62798.23,34652.26
288750.6,268.44,5.27,8.0,6.0,56281.21,29141.74
422422.5,263.41,6.94,8.0,5.0,67059.97,51237.39
379863.0,225.08,7.59,6.0,2.0,58385.22,41930.38
522315.89999999997,263.45,6.76,8.0,6.0,70259.07,54050.64
490967.69999999995,202.85,5.52,6.0,3.0,87929.45,44486.38
695485.8,247.77,7.89,7.0,5.0,94733.97,46314.69
422967.60000000003,288.05,4.84,9.0,6.0,73504.89,47118.42
349859.4,204.68,7.13,6.0,3.0,78643.17,13889.08
418198.80000000005,208.26,5.5,6.0,2.0,78318.81,41569.4
438782.69999999995,282.45,6.17,8.0,5.0,63639.92,41448.75
576684.3,262.9,5.53,8.0,6.0,81728.44,51629.32
476221.80000000005,240.36,5.8,7.0,2.0,89551.73,43964.66
290360.69999999995,260.51,6.31,8.0,3.0,49493.3,39909.18
427963.80000000005,258.16,5.31,8.0,4.0,61461.5,49688.04
517629.0,291.11,6.26,9.0,3.0,72692.59,33125.5
526146.3,286.87,6.76,8.0,6.0,79702.39,46270.33
96317.70000000001,214.82,5.19,6.0,2.0,54994.92,15444.48
326880.6,266.45,6.62,8.0,3.0,57327.99,28945.55
341256.9,205.01,4.49,6.0,3.0,74585.84,48051.65
411501.0,288.18,4.87,9.0,4.0,77334.29,37905.98
478686.30000000005,202.56,7.26,6.0,2.0,77132.8,47450.67
569984.3999999999,267.73,4.57,8.0,6.0,96778.12,37480.7
202397.40000000002,200.33,5.82,6.0,3.0,52046.54,41715.55
466647.30000000005,267.0,7.46,8.0,6.0,78350.6,23052.85
358257.6,232.5,5.43,7.0,3.0,61602.04,45188.14
444632.10000000003,272.36,5.1,8.0,4.0,84452.46,38221.14
346475.1,255.87,5.95,7.0,4.0,84712.91,11072.5
315251.69999999995,221.78,6.2,6.0,3.0,61492.92,37743.4
9342.3,207.13,4.29,6.0,3.0,37971.21,33267.77
524659.5,293.85,7.94,9.0,3.0,73158.74,25175.43
386109.30000000005,214.69,7.48,6.0,3.0,74622.16,30736.53
371173.80000000005,257.74,7.37,7.0,6.0,58956.26,38529.64
377920.19999999995,288.32,6.19,9.0,3.0,69253.9,22524.58
308674.19999999995,273.72,6.37,8.0,5.0,47549.64,43526.16
416465.69999999995,237.17,5.9,7.0,3.0,73271.89,39446.31
191157.0,219.84,4.27,6.0,4.0,61478.63,36837.82
515271.30000000005,243.01,7.57,7.0,3.0,62317.21,47836.25
218906.69999999998,253.4,4.68,7.0,4.0,65464.2,26065.69
614744.1000000001,209.57,7.61,6.0,3.0,87883.58,41012.62
402211.5,237.97,6.55,7.0,3.0,67819.25,37515.54
294294.9,171.53,7.16,5.0,2.0,65659.59,40337.23
455450.69999999995,234.76,5.87,7.0,2.0,68827.56,45935.96
300852.0,257.52,3.06,7.0,3.0,71152.76,40951.24
449976.30000000005,262.32,6.33,8.0,3.0,80939.63,27771.54
448973.10000000003,247.85,7.84,7.0,5.0,66860.59,36035.54
458074.5,244.87,7.62,7.0,6.0,64314.51,37217.64
275283.30000000005,301.65,6.39,9.0,4.0,63867.1,14522.66
471897.0,236.21,6.27,7.0,2.0,81220.07,32859.52
287824.80000000005,245.96,6.08,7.0,3.0,60880.58,42877.52
288025.19999999995,239.21,5.65,7.0,2.0,66553.4,23632.23
457807.80000000005,272.7,6.05,8.0,3.0,72896.25,40426.53
302065.80000000005,244.29,6.27,7.0,3.0,59160.09,23252.91
331531.5,199.82,5.43,6.0,3.0,66412.83,50996.64
187764.3,199.71,5.62,6.0,2.0,67026.44,27677.88
539948.1000000001,278.22,7.7,8.0,4.0,77151.91,27117.8
345839.69999999995,211.89,5.68,6.0,4.0,69799.15,38340.73
253828.80000000002,213.11,5.35,6.0,4.0,55768.79,47989.68
416359.5,252.91,6.35,7.0,3.0,81699.18,19502.03
424286.10000000003,298.76,5.72,9.0,4.0,57367.83,47734.1
381992.69999999995,181.59,5.16,5.0,2.0,80488.79,36743.27
446894.39999999997,257.99,5.36,8.0,3.0,68091.18,44557.38
529796.3999999999,233.12,5.71,7.0,3.0,82587.59,55932.22
280233.6,227.12,7.07,6.0,2.0,57407.72,27117.89
328763.69999999995,276.21,4.18,8.0,5.0,64332.47,30812.6
262904.69999999995,304.92,4.88,9.0,6.0,66039.74,15612.68
256483.80000000002,225.76,5.87,6.0,3.0,62397.08,40739.88
404922.89999999997,239.2,6.25,7.0,2.0,84810.87,28392.29
291247.80000000005,252.09,4.46,7.0,3.0,67051.25,39735.7
538803.0,230.31,6.0,7.0,3.0,83907.37,46091.79
280347.6,225.17,5.36,6.0,4.0,62345.82,41982.91
175218.3,265.97,3.7,8.0,3.0,60960.46,28171.99
268753.80000000005,255.62,5.18,7.0,5.0,68353.73,27804.83
208812.0,231.1,6.57,7.0,4.0,58661.56,17467.94
361241.1,232.39,6.42,7.0,2.0,66131.0,40979.53
424119.0,224.33,5.78,6.0,4.0,67351.24,47175.79
182362.2,226.61,5.47,6.0,3.0,59933.14,28593.01
291329.69999999995,227.96,5.41,7.0,2.0,60840.49,36241.3
514216.80000000005,186.99,5.43,5.0,2.0,94712.12,49411.89
586931.7,272.0,6.68,8.0,3.0,74469.21,46500.06
603904.8,300.74,6.18,9.0,3.0,78753.39,50350.27
417149.39999999997,243.94,5.33,7.0,5.0,80233.23,26263.05
458835.60000000003,242.93,5.34,7.0,4.0,84473.27,31608.06
342964.5,210.84,3.53,6.0,4.0,78049.6,42857.37
584873.3999999999,250.52,6.32,7.0,6.0,93178.49,42808.65
317339.69999999995,211.69,5.22,6.0,4.0,69949.35,37358.2
475762.19999999995,235.33,5.66,7.0,2.0,85903.38,25593.12
350698.19999999995,254.87,5.58,7.0,4.0,65283.64,37824.71
429574.80000000005,209.09,7.15,6.0,4.0,79191.82,35107.14
422831.69999999995,258.29,4.76,8.0,6.0,72242.6,43987.88
449017.19999999995,269.22,7.17,8.0,3.0,63125.76,51219.0
469970.39999999997,252.01,5.56,7.0,4.0,78581.26,50891.2
295833.9,259.26,4.78,8.0,4.0,59481.78,31200.97
265683.6,231.49,5.05,7.0,4.0,66770.22,33238.33
330678.0,231.95,5.75,7.0,3.0,75368.59,32075.27
380437.80000000005,241.82,6.85,7.0,2.0,60419.89,38272.92
474207.60000000003,226.07,7.6,6.0,4.0,78555.13,34514.16
338593.19999999995,245.6,5.0,7.0,4.0,82073.52,36337.03
457406.69999999995,291.79,5.09,9.0,4.0,64254.16,58051.04
352926.30000000005,289.52,6.68,9.0,5.0,53432.59,36804.95
436882.19999999995,260.43,7.14,8.0,5.0,67883.13,34639.41
533254.8,260.87,6.13,8.0,4.0,91832.99,31105.11
371370.9,227.23,6.58,6.0,3.0,70670.88,23592.16
415735.19999999995,227.49,5.88,6.0,4.0,70315.43,49697.93
310537.80000000005,280.46,6.15,8.0,4.0,48362.98,49354.13
407670.0,200.16,6.74,6.0,4.0,74022.14,30053.44
393343.80000000005,278.81,4.85,8.0,6.0,65182.71,48109.11
275978.1,268.13,4.39,8.0,5.0,54048.69,42177.97
295759.80000000005,201.86,5.27,6.0,4.0,72283.95,40277.39
358861.5,222.5,4.92,6.0,3.0,82476.03,30985.34
430794.30000000005,249.27,6.49,7.0,5.0,79771.83,30611.54
225840.0,272.13,3.94,8.0,3.0,57236.17,24726.1
97494.6,252.73,5.42,7.0,4.0,43952.34,25139.45
338291.4,259.15,7.15,8.0,3.0,56721.45,22904.15
71796.0,193.0,5.19,5.0,3.0,56654.96,25801.97
158784.59999999998,205.51,5.95,6.0,4.0,40185.73,37766.67
436707.60000000003,273.1,7.0,8.0,4.0,71227.39,20096.29
411458.10000000003,247.77,8.19,7.0,4.0,52444.86,39288.46
369435.6,266.69,6.56,8.0,6.0,56825.75,43474.78
330792.30000000005,238.95,3.74,7.0,2.0,55621.9,63184.61
227478.90000000002,198.73,5.05,6.0,2.0,66510.01,29293.62
143091.3,196.61,5.55,5.0,2.0,62639.16,27812.69
512007.0,240.12,6.15,7.0,4.0,79452.82,44852.09
323923.5,206.61,5.4,6.0,2.0,83137.39,30482.56
229978.19999999998,237.25,4.98,7.0,4.0,69143.47,24405.28
271513.5,195.26,5.93,5.0,3.0,68277.67,38099.87
427534.5,247.32,6.67,7.0,4.0,72251.04,34878.6
453762.60000000003,246.04,5.47,7.0,5.0,71373.98,51509.6
495102.60000000003,234.63,6.78,7.0,3.0,81503.47,46674.37
333764.4,285.41,7.61,8.0,3.0,60569.2,16351.2
282752.69999999995,235.5,6.03,7.0,3.0,72683.53,18539.1
492853.5,264.56,6.42,8.0,4.0,73763.57,38550.71
323613.9,245.63,5.1,7.0,4.0,75780.62,34944.98
400159.5,244.0,6.11,7.0,6.0,77882.88,27528.75
205215.0,251.34,4.44,7.0,3.0,70608.37,24387.61
393320.10000000003,273.73,5.67,8.0,6.0,67782.87,46608.23
351639.9,266.84,4.96,8.0,5.0,57714.75,53101.0
425860.80000000005,259.68,3.48,8.0,5.0,88613.87,42905.1
386528.1,241.77,6.16,7.0,4.0,73559.43,34374.59
450282.0,257.8,5.77,7.0,6.0,81775.63,30070.73
300026.1,274.65,6.04,8.0,4.0,42462.1,42191.78
437330.39999999997,312.54,6.4,9.0,3.0,72096.85,31584.38
224379.90000000002,255.08,5.86,7.0,5.0,43922.0,42250.8
307421.4,253.01,6.62,7.0,3.0,64114.96,25273.21
455300.10000000003,273.08,4.98,8.0,3.0,77573.87,39055.11
286152.30000000005,217.99,6.29,6.0,2.0,70036.83,25064.27
412649.39999999997,254.96,5.41,7.0,4.0,71183.74,46955.01
493659.0,298.54,6.64,9.0,4.0,67315.6,37811.21
518102.10000000003,279.02,8.54,8.0,3.0,72813.8,35014.85
479199.0,277.6,5.69,8.0,5.0,73023.33,40512.89
506483.69999999995,233.98,7.06,7.0,4.0,67569.88,49054.87
419493.0,251.77,6.44,7.0,4.0,69972.85,37815.49
330028.19999999995,186.16,5.45,5.0,3.0,73231.05,40788.11
451668.30000000005,263.61,5.9,8.0,5.0,80577.73,36463.03
331797.30000000005,203.09,7.56,6.0,2.0,64754.57,27143.02
236713.19999999998,269.36,5.13,8.0,5.0,55435.64,23503.16
226896.0,195.88,4.34,5.0,2.0,65510.66,45111.81
557034.8999999999,279.31,6.81,8.0,5.0,82855.94,36954.34
366606.30000000005,231.24,3.98,7.0,3.0,89338.45,41264.91
313190.4,249.12,6.79,7.0,3.0,45990.12,41553.84
501988.19999999995,253.2,6.26,7.0,5.0,76801.5,48481.66
397758.30000000005,213.03,6.9,6.0,2.0,61606.92,40496.07
370813.19999999995,262.1,6.53,8.0,5.0,65428.31,33141.31
309228.0,226.8,6.4,6.0,2.0,56697.59,37973.36
482874.60000000003,228.2,5.64,7.0,2.0,92151.67,37067.68
387686.1,219.25,5.9,6.0,3.0,78555.93,29759.0
317309.4,261.41,5.34,8.0,5.0,72204.16,28943.16
230445.90000000002,165.11,7.69,4.0,2.0,51741.87,32730.93
454028.39999999997,233.89,7.61,7.0,4.0,71082.11,31327.52
428849.39999999997,240.88,6.62,7.0,4.0,71328.7,28053.02
413091.0,268.17,6.44,8.0,3.0,67150.06,39917.88
184410.3,204.19,4.68,6.0,2.0,59777.37,37836.52
234182.69999999998,244.5,5.96,7.0,5.0,62725.4,19750.69
256964.69999999998,234.71,5.95,7.0,4.0,65533.41,25002.19
496824.0,230.93,5.97,7.0,2.0,78293.7,47125.53
374974.19999999995,234.76,6.72,7.0,4.0,74371.34,33186.7
245238.0,219.98,6.92,6.0,2.0,56664.4,28364.29
297267.9,212.38,6.37,6.0,4.0,60058.91,33581.82
291624.0,275.42,5.81,8.0,4.0,63757.05,27244.44
404997.0,276.9,6.28,8.0,4.0,81026.61,24407.24
391062.6,247.91,6.08,7.0,3.0,83683.36,38399.84
178129.8,156.79,4.73,4.0,3.0,56103.92,41330.61
373175.69999999995,260.09,4.83,8.0,4.0,67454.21,49237.4
418756.80000000005,227.64,8.3,6.0,2.0,67631.24,24624.65
333694.19999999995,245.86,7.0,7.0,3.0,52988.03,37791.02
255003.0,211.21,6.61,6.0,2.0,59549.91,14906.25
279536.4,259.69,5.82,8.0,5.0,58832.5,30200.11
303342.30000000005,214.74,5.44,6.0,4.0,76717.37,34944.07
357132.6,173.72,5.33,5.0,3.0,73422.83,50997.65
274842.0,200.03,5.89,6.0,2.0,59128.32,45592.39
366613.5,261.21,5.34,8.0,6.0,65614.78,39353.68
369646.80000000005,236.06,7.06,7.0,2.0,68851.4,22121.55
195825.90000000002,239.47,6.45,7.0,2.0,43531.86,37388.85
365954.1,258.9,7.34,8.0,5.0,53763.53,32306.67
615296.7,280.64,8.49,8.0,5.0,68948.41,40078.54
407715.89999999997,260.38,6.21,8.0,3.0,70795.3,29887.45
392631.9,272.9,5.05,8.0,6.0,72443.69,31190.67
472199.69999999995,258.24,5.67,8.0,4.0,82781.65,39587.95
354894.30000000005,259.85,5.49,8.0,6.0,67428.64,40897.03
308958.6,227.61,5.59,6.0,2.0,65841.31,48253.28
325782.9,234.3,5.05,7.0,4.0,72257.51,33543.05
514005.30000000005,266.97,6.26,8.0,4.0,74243.75,40328.23
389285.69999999995,240.19,6.17,7.0,2.0,71758.59,42115.15
328815.9,236.94,6.67,7.0,3.0,67511.13,23162.55
576158.3999999999,286.47,7.28,8.0,4.0,71301.01,44869.51
310551.30000000005,218.2,8.12,6.0,2.0,55784.48,29304.17
365403.30000000005,244.25,6.71,7.0,6.0,66840.7,32705.95
332011.5,226.38,7.36,6.0,3.0,58098.05,43299.01
199493.69999999998,204.19,5.24,6.0,3.0,66252.14,33656.23
394838.69999999995,248.73,6.72,7.0,4.0,73226.2,30464.04
419628.0,230.89,6.32,7.0,4.0,70138.51,33434.11
227940.0,215.55,6.2,6.0,4.0,65041.69,14486.83
233071.80000000002,232.65,5.98,7.0,2.0,68167.08,13977.63
291578.69999999995,268.99,5.66,8.0,4.0,61300.75,29408.95
354027.6,234.24,6.58,7.0,3.0,65175.55,29829.06
360535.80000000005,230.07,6.04,7.0,2.0,79037.52,30037.99
477370.5,254.47,6.44,7.0,5.0,75985.8,50003.09
42908.100000000006,280.82,3.44,8.0,3.0,35963.33,24435.78
327342.9,204.79,6.17,6.0,3.0,65069.9,36778.29
374752.19999999995,243.2,6.27,7.0,3.0,60712.2,47783.3
600608.7,274.06,7.19,8.0,3.0,77456.19,45581.92
247362.30000000002,231.1,6.53,7.0,4.0,61370.32,20600.51
453458.10000000003,224.18,6.7,6.0,3.0,79863.29,35048.26
298277.4,278.77,6.15,8.0,6.0,57980.95,25053.97
403589.10000000003,204.75,7.4,6.0,2.0,63600.69,53539.2
349920.0,282.76,5.0,8.0,6.0,62113.52,29401.14
546294.3,237.1,7.09,7.0,4.0,82810.89,39779.65
307189.5,216.37,6.19,6.0,4.0,69380.84,25327.69
266815.80000000005,199.82,4.69,6.0,2.0,69632.04,34641.57
185021.40000000002,243.96,3.99,7.0,4.0,60377.61,29114.29
535278.3,253.2,6.65,7.0,6.0,82103.5,49015.28
315162.30000000005,245.31,6.82,7.0,5.0,49856.23,51528.84
416767.19999999995,237.16,6.76,7.0,2.0,68386.98,37894.65
427172.39999999997,270.28,6.4,8.0,5.0,78288.96,29197.34
320771.4,281.84,4.77,8.0,3.0,60762.47,46303.36
302356.80000000005,272.74,5.48,8.0,3.0,58913.3,45563.72
277303.80000000005,229.74,4.63,7.0,3.0,65580.06,48220.32
435993.60000000003,262.87,6.27,8.0,3.0,77021.42,27855.39
234796.80000000002,189.46,4.39,5.0,4.0,78276.57,21371.92
241106.69999999998,263.94,4.89,8.0,3.0,71336.15,25377.14
431962.80000000005,265.08,6.86,8.0,4.0,77528.12,23976.71
381261.0,266.96,6.62,8.0,6.0,68195.03,26921.6
404183.69999999995,257.36,4.3,7.0,5.0,70834.02,53490.13
655858.5,283.12,6.93,8.0,4.0,94670.05,39522.91
324746.1,231.02,7.4,7.0,2.0,48524.43,41554.07
510033.0,315.05,7.01,9.0,3.0,83403.45,26319.72
486930.30000000005,231.33,7.25,7.0,3.0,75219.1,37863.58
282992.69999999995,206.51,5.47,6.0,3.0,68145.92,39187.77
422905.19999999995,228.34,4.76,7.0,2.0,84913.98,46136.03
397944.60000000003,221.59,6.55,6.0,3.0,82336.99,37965.37
121393.20000000001,242.21,5.51,7.0,3.0,51962.16,17403.09
352996.5,224.12,5.96,6.0,4.0,57169.42,47966.92
190162.8,242.57,3.21,7.0,2.0,57925.04,43867.84
417075.30000000005,269.34,5.04,8.0,6.0,77905.83,29282.57
258341.40000000002,193.1,4.86,5.0,3.0,62714.55,41998.57
345369.9,234.94,4.46,7.0,3.0,64901.03,47452.39
205993.5,242.19,5.59,7.0,2.0,51156.74,25753.28
378504.6,255.74,6.95,7.0,6.0,63766.77,33036.2
398343.30000000005,254.9,6.68,7.0,6.0,61460.94,40814.93
401728.80000000005,226.11,7.02,6.0,3.0,61907.59,43828.95
296206.80000000005,245.91,4.67,7.0,6.0,72805.15,30874.7
415343.39999999997,290.59,5.59,9.0,5.0,66204.57,36185.05
350675.69999999995,186.39,6.35,5.0,3.0,74548.14,40444.19
456630.0,209.89,6.22,6.0,4.0,76453.79,51497.67
378112.5,193.84,6.19,5.0,3.0,79354.62,31568.9
257328.59999999998,175.33,5.36,5.0,3.0,70064.24,28122.23
337935.0,238.68,5.17,7.0,2.0,74559.72,29892.07
472225.5,237.31,5.91,7.0,2.0,82321.73,48616.26
140778.90000000002,221.13,6.12,6.0,2.0,43526.81,39760.21
334250.69999999995,238.38,6.07,7.0,4.0,71769.86,28173.39
537710.7,246.56,3.41,7.0,6.0,89056.92,60658.3
415152.60000000003,274.45,5.74,8.0,3.0,66418.43,45319.99
207395.40000000002,267.62,5.6,8.0,5.0,44439.87,37934.97
373521.0,307.14,5.92,9.0,5.0,69343.01,30113.83
666239.7,242.7,6.69,7.0,3.0,95997.67,47128.88
256444.5,236.99,4.84,7.0,2.0,62616.17,31010.22
627704.3999999999,315.74,7.31,9.0,3.0,76393.85,46361.69
234363.90000000002,262.42,4.95,8.0,3.0,55840.17,30795.11
218065.19999999998,202.33,5.65,6.0,4.0,69882.27,19544.75
492297.0,224.92,6.76,6.0,3.0,87099.19,44581.75
460734.60000000003,265.52,6.43,8.0,5.0,67716.75,40562.19
521327.69999999995,256.79,6.57,7.0,4.0,69624.79,57644.21
465210.60000000003,282.94,5.92,8.0,4.0,78706.68,36414.73
404661.89999999997,317.98,5.46,10.0,5.0,61321.59,29888.76
286633.80000000005,244.73,5.73,7.0,3.0,62709.71,34182.5
440373.30000000005,281.38,6.67,8.0,6.0,66300.51,38501.96
522881.69999999995,268.28,8.01,8.0,5.0,75126.81,36544.32
538689.3,245.06,8.34,7.0,6.0,68251.84,38203.17
391791.6,251.04,7.75,7.0,3.0,85175.2,3285.45
430062.60000000003,326.75,6.78,10.0,6.0,62381.92,31391.27
276419.1,195.16,5.6,5.0,3.0,69099.4,37540.31
421620.0,258.99,4.94,8.0,4.0,73246.82,47332.14
326564.69999999995,274.2,5.69,8.0,6.0,59901.83,30210.76
221409.30000000002,298.48,4.47,9.0,5.0,55038.06,27701.02
670588.5,355.69,7.35,11.0,5.0,69505.11,48112.2
469275.89999999997,219.2,7.03,6.0,3.0,67964.83,52831.15
392981.1,255.49,5.61,7.0,4.0,71112.35,24134.41
498231.0,261.3,7.98,8.0,5.0,76759.27,23752.36
445625.39999999997,287.1,6.1,8.0,5.0,82988.43,31142.84
265837.5,211.78,5.46,6.0,4.0,71106.74,25861.93
423307.19999999995,221.56,6.19,6.0,4.0,75516.46,35521.05
201403.19999999998,253.34,4.17,7.0,3.0,60805.1,31185.88
297775.5,219.52,5.89,6.0,2.0,61865.42,41492.18
283377.0,250.51,5.33,7.0,6.0,64241.79,27768.58
419972.69999999995,250.94,6.14,7.0,4.0,77697.24,40523.29
259530.0,210.3,5.94,6.0,4.0,63044.46,32725.28
418327.19999999995,233.38,6.21,7.0,4.0,74102.49,43971.51
244142.40000000002,218.72,4.93,6.0,3.0,62514.11,40891.62
394854.0,191.93,7.43,5.0,2.0,63237.57,55849.95
363661.5,242.89,5.44,7.0,3.0,75951.45,31125.56
530845.5,295.43,6.25,9.0,5.0,66803.02,57970.24
162586.2,245.56,5.52,7.0,4.0,45347.15,31335.6
448230.30000000005,254.83,6.9,7.0,4.0,67722.85,37869.94
256806.90000000002,197.77,4.63,5.0,3.0,58108.49,37642.03
428352.89999999997,251.38,6.03,7.0,6.0,60871.6,38111.35
368441.4,268.55,5.04,8.0,5.0,76087.15,27616.1
350588.4,240.85,5.12,7.0,2.0,73965.37,34440.64
416786.10000000003,188.26,6.1,5.0,2.0,69931.4,52079.19
373194.6,204.36,4.13,6.0,2.0,77316.19,51096.89
475332.0,291.15,4.35,9.0,4.0,76896.79,52733.99
486851.10000000003,259.43,4.78,8.0,4.0,76919.3,52945.84
309344.1,281.13,5.6,8.0,4.0,64402.13,24965.9
329555.4,210.16,7.89,6.0,4.0,58410.57,31189.36
272934.30000000005,262.87,5.8,8.0,3.0,53427.88,34538.75
429455.10000000003,202.91,6.47,6.0,4.0,73649.4,47992.34
491098.80000000005,237.11,4.75,7.0,2.0,93455.95,31135.51
497692.5,242.58,5.77,7.0,4.0,75843.3,61126.73
350666.1,283.45,5.95,8.0,5.0,62021.2,35276.65
516077.69999999995,264.95,6.68,8.0,3.0,77064.26,43570.94
338822.69999999995,208.87,4.25,6.0,2.0,77785.19,43301.33
233651.09999999998,213.85,6.02,6.0,2.0,61784.06,27725.86
382941.6,226.85,5.86,6.0,4.0,78827.01,32865.03
251827.80000000002,246.87,4.68,7.0,5.0,64767.87,26414.75
238222.80000000002,238.12,6.01,7.0,3.0,51457.38,42889.67
411765.0,245.61,6.91,7.0,6.0,66233.86,29548.19
325361.69999999995,212.49,5.48,6.0,2.0,72196.34,32255.91
63305.399999999994,217.54,4.51,6.0,4.0,50926.78,33663.67
355911.6,268.0,7.12,8.0,3.0,56086.57,33454.08
342275.69999999995,284.37,5.75,8.0,6.0,68985.15,16288.31
441548.39999999997,284.64,7.72,8.0,5.0,48855.85,49890.51
240978.0,216.95,4.4,6.0,3.0,63499.84,38263.48
337415.69999999995,230.09,5.43,7.0,4.0,73218.35,34818.72
418920.30000000005,220.62,6.43,6.0,2.0,83637.53,25962.77
240682.19999999998,274.12,6.16,8.0,3.0,48879.1,30730.4
493998.89999999997,236.12,6.27,7.0,4.0,77187.85,35106.55
360786.30000000005,230.05,6.34,7.0,4.0,72441.38,38368.28
320030.4,266.12,4.31,8.0,5.0,57812.84,46060.37
345940.5,241.48,6.19,7.0,3.0,64811.17,40549.36
511833.30000000005,272.45,5.25,8.0,4.0,86563.1,44920.25
463173.89999999997,242.49,4.84,7.0,2.0,86586.87,40282.04
90692.1,201.43,4.48,6.0,2.0,49601.06,33836.93
340216.5,261.34,6.73,8.0,6.0,71920.68,26341.1
405827.10000000003,231.21,7.01,7.0,4.0,68355.44,38950.16
531717.3,246.76,6.76,7.0,3.0,64350.28,69592.04
304335.30000000005,255.73,4.82,7.0,3.0,61481.21,39586.38
234341.09999999998,211.72,5.93,6.0,4.0,39294.04,43183.52
276371.4,210.55,6.04,6.0,4.0,59078.51,34655.94
237166.80000000002,229.37,4.98,7.0,4.0,57972.56,40092.52
426194.39999999997,236.43,5.92,7.0,3.0,79689.72,38313.83
113285.70000000001,235.92,5.29,7.0,4.0,47018.07,23925.62
283524.0,225.04,5.48,6.0,4.0,56252.24,44305.72
489285.89999999997,246.78,7.43,7.0,4.0,65741.4,37647.67
302991.6,274.78,6.75,8.0,3.0,53066.37,19103.13
411842.10000000003,243.67,6.01,7.0,6.0,71368.04,35376.99
168179.7,228.0,5.51,7.0,4.0,40752.71,41565.03
445396.19999999995,275.43,7.13,8.0,5.0,64296.5,37562.55
282041.69999999995,253.29,6.33,7.0,4.0,50172.57,32764.44
406223.39999999997,235.54,6.72,7.0,2.0,70564.72,37339.56
420288.30000000005,313.67,5.39,9.0,5.0,67866.9,43122.57
428049.60000000003,207.87,7.12,6.0,2.0,77106.5,36215.16
309521.1,217.83,5.67,6.0,4.0,74418.47,27089.05
373274.69999999995,266.15,7.28,8.0,6.0,58002.72,30249.03
321260.4,187.08,6.98,5.0,2.0,63217.17,31925.68
148005.0,235.6,4.75,7.0,4.0,49740.18,25545.92
368496.9,266.0,5.55,8.0,3.0,75361.24,23530.91
428108.10000000003,271.78,5.49,8.0,3.0,62594.98,46459.25
451399.19999999995,266.87,7.35,8.0,6.0,62212.56,40620.66
206746.80000000002,199.09,4.02,6.0,4.0,60610.61,49512.91
444351.30000000005,269.79,5.24,8.0,5.0,82777.07,42582.93
327795.0,274.81,6.44,8.0,5.0,50716.04,35879.91
288774.6,257.4,5.69,7.0,6.0,61905.96,36380.57
206543.69999999998,248.16,3.91,7.0,3.0,68246.93,24553.46
408931.80000000005,212.54,4.98,6.0,4.0,85174.04,38773.02
247898.40000000002,220.09,5.0,6.0,2.0,63342.85,25009.06
430372.5,258.54,5.9,8.0,4.0,74022.05,36533.84
452826.89999999997,237.93,6.33,7.0,3.0,78866.67,39816.75
118632.0,260.41,2.68,8.0,6.0,71721.42,10704.82
529742.7,271.51,6.21,8.0,6.0,76076.29,46298.32
340702.80000000005,229.76,7.15,7.0,2.0,52568.68,38555.07
301868.4,261.78,5.82,8.0,3.0,69851.71,19560.21
172916.09999999998,220.8,5.44,6.0,3.0,58068.91,29519.88
313384.80000000005,283.03,4.26,8.0,3.0,60134.27,39200.87
529605.6000000001,242.17,6.02,7.0,4.0,72967.54,49140.67
314889.6,221.52,7.32,6.0,3.0,63820.4,28737.11
437091.0,250.89,6.93,7.0,4.0,78700.97,35193.92
399412.5,282.96,5.61,8.0,4.0,62806.3,33498.93
533962.5,274.4,6.63,8.0,5.0,71595.18,37271.16
480345.89999999997,246.73,4.8,7.0,6.0,85441.49,46302.4
510758.69999999995,253.71,7.19,7.0,5.0,86562.18,32621.1
337129.5,226.44,4.53,6.0,4.0,74646.85,36679.19
312643.19999999995,295.81,5.94,9.0,3.0,63686.26,18163.77
260708.09999999998,263.02,4.44,8.0,4.0,60530.73,34043.23
405898.19999999995,254.9,5.51,7.0,6.0,74826.31,32639.64
283779.30000000005,201.34,6.57,6.0,3.0,71639.3,28995.09
496014.30000000005,251.37,5.81,7.0,5.0,81439.2,37565.54
377687.4,200.79,4.86,6.0,2.0,85297.2,28319.63
217236.59999999998,209.17,4.58,6.0,4.0,64044.19,32940.79
320361.6,291.98,5.02,9.0,5.0,67828.48,34981.39
252670.80000000002,218.09,5.12,6.0,3.0,60028.08,36651.52
286246.19999999995,264.61,5.38,8.0,6.0,63700.26,38397.57
407007.30000000005,220.27,6.45,6.0,2.0,74010.16,46239.17
360897.9,254.14,5.35,7.0,4.0,67094.2,30022.54
450734.39999999997,270.13,6.93,8.0,6.0,66714.68,53185.2
584201.3999999999,245.41,7.64,7.0,4.0,72745.45,53000.77
346055.1,243.0,4.97,7.0,5.0,79923.81,33828.45
124249.5,174.79,6.41,5.0,3.0,48510.91,31451.09
216927.0,183.33,6.66,5.0,4.0,50534.35,26627.39
358044.6,269.07,6.79,8.0,5.0,55543.52,40063.42
414180.89999999997,176.74,5.59,5.0,3.0,85466.39,38191.03
45458.100000000006,215.66,5.54,6.0,2.0,48735.92,19682.35
334419.0,238.27,5.59,7.0,2.0,76388.55,36841.18
295326.30000000005,275.23,5.9,8.0,3.0,73279.03,13981.44
262771.5,202.71,4.66,6.0,2.0,64661.93,49457.18
236528.40000000002,235.43,5.66,7.0,4.0,59390.35,28995.96
433410.30000000005,239.34,6.66,7.0,4.0,66064.53,44561.33
435118.19999999995,279.06,5.64,8.0,4.0,72488.16,41199.25
276396.30000000005,224.72,4.61,6.0,3.0,70793.72,19908.13
348043.80000000005,302.41,5.64,9.0,6.0,78241.08,20547.62
366807.0,280.3,6.1,8.0,6.0,72752.68,24944.34
601318.8,204.95,6.86,6.0,3.0,78963.89,59974.63
136216.8,218.26,5.31,6.0,2.0,49775.41,23557.36
509459.69999999995,229.14,5.05,7.0,2.0,87768.4,45801.43
357932.1,210.26,7.18,6.0,4.0,65449.35,34828.43
382620.9,165.81,6.07,4.0,4.0,85193.98,38784.86
243225.59999999998,232.01,3.64,7.0,2.0,67933.03,42772.16
192858.90000000002,250.07,6.88,7.0,4.0,50316.89,25201.55
326047.80000000005,230.9,5.77,7.0,4.0,53974.55,41441.75
232008.30000000002,218.74,5.56,6.0,3.0,63049.97,24985.98
450288.89999999997,244.7,6.54,7.0,5.0,85906.91,21331.98
230490.59999999998,195.63,5.44,5.0,4.0,62355.35,23767.86
534363.3,285.17,7.22,8.0,4.0,64749.8,49537.35
426141.0,304.51,5.64,9.0,5.0,75072.99,27494.3
414064.80000000005,249.08,5.27,7.0,3.0,79345.39,37573.58
327241.5,226.94,5.94,6.0,4.0,67682.73,37028.7
266044.80000000005,260.95,5.63,8.0,3.0,57869.27,31818.93
302167.5,213.86,5.1,6.0,3.0,60027.56,54738.63
323326.19999999995,210.35,6.65,6.0,3.0,71146.49,22875.69
376094.4,249.82,7.37,7.0,6.0,52455.37,35143.2
330882.9,212.38,3.93,6.0,3.0,66967.4,51554.76
223239.90000000002,208.53,5.44,6.0,2.0,59013.4,28264.01
553689.0,273.59,7.44,8.0,6.0,70370.5,53832.14
262076.40000000002,199.22,5.13,6.0,3.0,66989.73,37017.1
226703.40000000002,229.2,5.18,7.0,3.0,64050.35,29083.72
330547.80000000005,182.02,6.27,5.0,2.0,71195.26,29508.49
485698.19999999995,267.69,4.61,8.0,4.0,82866.4,41166.86
338362.19999999995,220.58,6.38,6.0,3.0,60826.61,36892.62
224954.09999999998,255.63,3.95,7.0,6.0,65543.34,28939.04
295401.6,234.24,6.58,7.0,3.0,62902.26,27321.03
160223.09999999998,191.92,6.16,5.0,2.0,59030.17,22803.1
372634.19999999995,258.94,5.29,8.0,5.0,66320.45,36145.21
382089.30000000005,242.0,6.41,7.0,3.0,68964.68,37587.94
328679.4,246.07,6.19,7.0,6.0,68994.18,30609.65
409421.39999999997,262.37,7.62,8.0,6.0,58517.06,30888.8
311144.1,226.38,5.98,6.0,3.0,65018.54,32580.78
368555.1,264.56,6.12,8.0,4.0,74656.89,22602.13
227808.30000000002,237.09,5.86,7.0,2.0,57697.08,18281.74
342174.0,217.79,6.4,6.0,3.0,69234.72,38322.1
243222.59999999998,215.52,5.8,6.0,3.0,63015.69,26673.88
192856.5,224.23,5.52,6.0,3.0,52022.16,31320.92
468885.0,237.11,6.85,7.0,4.0,80059.0,23360.95
479955.60000000003,234.51,5.85,7.0,3.0,87332.29,43754.45
399800.69999999995,235.36,6.57,7.0,2.0,63658.43,39591.26
199548.0,260.02,6.33,8.0,5.0,46517.18,26452.37
477415.19999999995,237.89,6.77,7.0,3.0,88305.92,32190.42
343352.1,292.81,6.5,9.0,4.0,49784.89,36564.73
485916.60000000003,263.46,6.14,8.0,5.0,84054.45,23023.05
375506.69999999995,266.76,5.72,8.0,4.0,66775.0,36788.98
564842.1000000001,278.64,6.74,8.0,6.0,70981.28,53542.86
304848.9,256.5,5.49,7.0,6.0,70767.33,26925.95
516301.5,292.84,6.2,9.0,4.0,77103.14,45746.93
267041.4,277.6,4.51,8.0,5.0,67742.55,30678.37
381816.0,200.93,6.0,6.0,3.0,76443.23,40128.85
474781.80000000005,242.11,6.33,7.0,4.0,78115.63,45024.3
351061.19999999995,214.8,5.06,6.0,3.0,69500.89,48767.4
350025.0,219.58,3.21,6.0,3.0,81535.15,50999.85
95848.79999999999,189.25,5.82,5.0,4.0,41240.06,40888.08
211409.40000000002,171.96,8.33,5.0,3.0,45073.9,38066.16
283684.5,239.3,5.5,7.0,2.0,53173.35,43600.36
616469.1000000001,304.05,6.5,9.0,4.0,80900.44,40268.52
384069.30000000005,306.34,3.86,9.0,6.0,69227.61,42582.63
255034.5,202.7,5.96,6.0,4.0,54858.82,36228.84
491295.0,220.3,7.76,6.0,4.0,77098.87,46478.52
522729.60000000003,240.86,5.58,7.0,3.0,104702.72,22560.53
282628.19999999995,241.95,5.99,7.0,3.0,50473.02,50145.43
416634.89999999997,240.16,4.91,7.0,3.0,75675.17,45103.57
298951.80000000005,202.72,6.02,6.0,3.0,72727.23,27159.34
237240.90000000002,241.42,3.65,7.0,4.0,56428.97,44877.57
215595.30000000002,235.2,6.08,7.0,2.0,43496.73,35726.61
455142.60000000003,248.64,5.29,7.0,6.0,77875.99,44452.64
148908.0,237.11,4.02,7.0,3.0,58511.35,28270.43
246183.30000000002,238.0,4.76,7.0,3.0,69167.95,26517.31
336696.30000000005,230.12,7.04,7.0,4.0,65687.11,17386.48
254081.69999999998,233.08,5.35,7.0,2.0,57814.85,32880.79
462228.60000000003,286.03,5.95,8.0,5.0,66234.68,35130.38
289059.6,251.39,4.4,7.0,4.0,65431.66,38499.38
477241.19999999995,235.86,5.64,7.0,2.0,76009.54,52832.0
385024.5,220.6,6.52,6.0,2.0,78997.46,30165.92
434376.30000000005,224.73,7.53,6.0,3.0,64720.06,37203.72
222857.69999999998,276.04,6.55,8.0,5.0,56652.42,11037.39
420182.69999999995,211.58,6.83,6.0,4.0,68312.0,39724.19
491573.10000000003,207.79,6.62,6.0,3.0,73462.68,47637.52
370642.80000000005,289.28,6.23,9.0,5.0,60731.88,35341.07
374825.4,270.36,5.85,8.0,4.0,74655.63,22169.82
449806.80000000005,240.24,6.68,7.0,2.0,75823.57,35783.75
301753.19999999995,211.59,3.55,6.0,4.0,78988.2,31677.33
187116.59999999998,151.99,5.82,4.0,4.0,52868.32,41849.06
276754.19999999995,205.67,4.81,6.0,4.0,64251.54,45172.76
491582.10000000003,231.29,7.78,7.0,4.0,74555.77,32938.15
374767.19999999995,249.05,6.03,7.0,5.0,70355.77,39882.82
578490.6000000001,259.27,5.53,8.0,5.0,92052.75,47343.37
446319.0,209.43,6.71,6.0,4.0,82073.86,34317.62
268891.19999999995,290.55,6.39,9.0,3.0,52699.67,30299.28
571144.2,276.22,8.26,8.0,3.0,71792.29,48266.22
320955.30000000005,231.83,5.86,7.0,4.0,58655.85,40740.78
248960.40000000002,223.25,4.53,6.0,3.0,71088.67,28750.64
354401.4,267.06,4.33,8.0,4.0,74984.67,29287.5
420530.39999999997,242.09,7.23,7.0,2.0,59081.99,42578.43
370650.30000000005,211.65,6.39,6.0,3.0,71329.0,25974.45
456625.19999999995,213.8,6.41,6.0,4.0,76698.57,52881.06
197091.59999999998,232.13,4.5,7.0,4.0,61504.26,24804.66
498203.39999999997,275.52,7.87,8.0,4.0,68386.82,39138.88
181857.59999999998,224.73,4.75,6.0,4.0,64427.37,25653.69
303399.30000000005,269.17,5.31,8.0,4.0,63920.39,31034.83
458949.0,265.23,6.82,8.0,6.0,76835.96,27622.34
446856.0,230.98,7.68,7.0,4.0,65173.05,44125.54
440480.10000000003,270.07,8.97,8.0,6.0,61025.39,34730.77
293493.9,222.74,6.1,6.0,3.0,76783.35,26703.72
354491.4,216.64,6.76,6.0,2.0,69336.43,37592.85
304569.9,250.41,5.48,7.0,3.0,57824.97,45555.34
341884.80000000005,255.19,4.48,7.0,3.0,69585.89,36099.24
295305.0,248.82,7.01,7.0,6.0,62340.26,24962.1
529584.3,258.1,6.45,8.0,5.0,75040.82,34733.09
398392.5,224.43,5.36,6.0,2.0,87113.79,31172.88
241251.0,220.38,5.7,6.0,4.0,56827.22,29506.49
440181.60000000003,281.21,5.75,8.0,6.0,71824.15,41186.57
443647.19999999995,269.89,5.34,8.0,4.0,68662.41,43795.63
410193.60000000003,254.01,6.11,7.0,4.0,66006.18,40691.24
348741.0,226.48,4.92,6.0,4.0,69266.79,40588.42
441983.39999999997,220.31,5.76,6.0,3.0,68089.56,57097.67
269244.0,277.64,6.42,8.0,4.0,62745.03,16737.55
470573.69999999995,222.96,5.72,6.0,2.0,85526.62,32635.76
426455.69999999995,269.0,6.85,8.0,4.0,68561.66,31796.76
359743.5,227.25,6.88,6.0,2.0,67100.07,27456.64
478854.30000000005,227.26,7.58,6.0,4.0,74057.0,37521.81
379491.6,218.23,5.12,6.0,4.0,78159.95,31111.62
340639.5,248.37,5.69,7.0,6.0,58348.8,59129.5
407951.69999999995,204.48,7.08,6.0,3.0,60975.09,43752.89
26577.600000000002,151.43,4.59,4.0,4.0,60167.67,16811.3
546734.7,279.42,6.62,8.0,5.0,78063.24,37838.66
516220.19999999995,246.82,7.73,7.0,4.0,66658.97,57563.59
367319.1,262.6,6.58,8.0,6.0,61475.26,31437.51
362871.30000000005,269.69,6.59,8.0,4.0,59762.88,28571.36
509646.0,189.66,7.24,5.0,3.0,87596.17,35392.05
558107.3999999999,259.86,6.7,8.0,4.0,79426.04,49009.69
350533.5,235.04,6.32,7.0,4.0,66426.89,40761.35
229426.80000000002,252.56,4.94,7.0,3.0,61264.2,43208.36
293172.6,185.29,7.11,5.0,4.0,55224.34,44915.71
323747.69999999995,236.82,7.6,7.0,3.0,58660.89,33515.12
415018.5,263.28,5.2,8.0,6.0,70193.34,48417.35
297615.9,222.63,7.09,6.0,4.0,59691.07,27769.5
472476.0,257.16,7.2,7.0,5.0,75613.14,29146.54
352293.6,224.86,5.49,6.0,3.0,59789.74,49200.08
238524.90000000002,236.03,5.29,7.0,3.0,60494.12,31693.61
351172.19999999995,194.2,5.54,5.0,4.0,76517.35,29788.64
599510.7,228.62,7.95,7.0,4.0,67724.05,61916.14
252626.09999999998,248.78,4.25,7.0,3.0,61458.55,36220.12
254897.09999999998,250.37,5.32,7.0,5.0,61704.34,19148.04
272584.80000000005,184.11,6.69,5.0,3.0,62224.01,21689.12
457277.39999999997,266.3,6.94,8.0,6.0,68603.89,44508.98
205764.0,290.83,5.36,9.0,4.0,53902.93,21075.51
231393.0,239.72,3.85,7.0,2.0,69624.26,29292.13
392473.19999999995,188.68,6.24,5.0,4.0,75690.7,46183.11
393619.19999999995,244.47,5.62,7.0,6.0,71902.81,42200.26
440355.0,218.75,6.62,6.0,2.0,67684.43,52999.84
270705.0,210.05,4.31,6.0,3.0,69320.33,32668.93
278064.30000000005,223.5,5.76,6.0,3.0,65423.25,28914.79
396997.80000000005,254.23,6.26,7.0,4.0,62083.04,43485.68
451207.80000000005,219.35,6.16,6.0,3.0,81844.03,36242.11
300980.1,224.16,5.76,6.0,3.0,74090.43,25694.37
177719.40000000002,216.2,4.93,6.0,2.0,59200.25,22926.44
401742.89999999997,259.72,7.33,8.0,3.0,63873.63,27587.4
363882.0,216.23,4.85,6.0,3.0,69677.42,50524.96
226179.30000000002,273.66,5.84,8.0,4.0,49033.0,36293.0
461520.60000000003,246.01,6.53,7.0,4.0,62819.31,38527.82
388718.4,222.89,6.26,6.0,2.0,64624.32,37117.56
441866.10000000003,264.89,6.73,8.0,3.0,63665.39,44029.68
249528.90000000002,205.54,6.44,6.0,2.0,50760.35,34685.18
483173.39999999997,209.1,6.31,6.0,4.0,77235.57,47328.81
264433.80000000005,301.73,3.97,9.0,4.0,55245.34,43557.94
499938.89999999997,238.72,6.33,7.0,4.0,82982.76,44531.76
325565.69999999995,198.67,5.91,6.0,4.0,78754.39,35323.79
513879.0,275.75,6.36,8.0,4.0,82268.08,39549.8
433321.19999999995,251.38,6.27,7.0,6.0,74166.39,30237.77
565402.2,324.37,6.6,10.0,3.0,83179.58,38587.72
304364.4,257.82,7.48,7.0,4.0,48176.23,33216.6
325204.19999999995,301.18,3.61,9.0,6.0,79023.72,22984.04
383933.1,222.79,5.82,6.0,2.0,73135.02,36401.38
590215.5,210.78,8.51,6.0,3.0,75323.06,51528.48
300892.19999999995,260.04,5.66,8.0,3.0,63191.77,33816.12
293870.69999999995,228.57,7.28,7.0,4.0,51554.92,36830.08
169781.09999999998,201.33,5.23,6.0,4.0,55340.61,34112.97
327639.30000000005,278.24,6.35,8.0,3.0,56296.5,31165.05
560734.2,236.87,7.51,7.0,2.0,73491.27,55169.38
545349.0,281.79,8.69,8.0,4.0,68334.78,36621.76
417662.39999999997,285.71,7.81,8.0,6.0,50666.25,36940.86
416932.19999999995,271.7,6.23,8.0,4.0,60307.02,37739.99
286802.69999999995,264.99,5.42,8.0,6.0,65132.47,24199.64
283749.9,215.0,3.11,6.0,3.0,72139.65,52601.12
415129.80000000005,249.76,5.35,7.0,4.0,71313.03,42302.55
420080.39999999997,270.01,7.5,8.0,4.0,56647.88,39780.93
343481.4,243.33,6.17,7.0,3.0,60288.48,34651.07
335449.80000000005,241.29,5.63,7.0,4.0,67022.78,33891.31
314103.6,214.96,6.29,6.0,2.0,58188.19,38104.49
328820.69999999995,286.81,4.82,8.0,6.0,69350.18,28747.09
415941.89999999997,254.19,5.47,7.0,4.0,68450.26,36474.39
283749.30000000005,220.64,4.56,6.0,3.0,70784.05,41230.19
393414.0,241.21,4.83,7.0,4.0,70309.31,34945.47
265698.6,278.08,4.89,8.0,6.0,46737.6,42351.3
452199.30000000005,283.78,5.96,8.0,3.0,69345.72,47386.27
492987.60000000003,248.67,6.29,7.0,4.0,89157.61,33834.92
296324.1,216.17,6.85,6.0,2.0,72568.71,18896.12
183663.59999999998,215.23,4.36,6.0,2.0,65051.22,25191.41
250870.5,217.8,7.65,6.0,4.0,56780.5,11019.05
448655.69999999995,172.47,5.12,5.0,4.0,87678.04,35781.17
273321.6,232.41,5.27,7.0,2.0,65817.2,40674.78
408236.39999999997,258.51,7.32,8.0,3.0,70561.56,25029.21
436532.10000000003,249.27,6.5,7.0,4.0,73801.02,30504.81
398390.69999999995,247.61,6.98,7.0,6.0,72143.43,23823.82
551551.2,291.21,5.66,9.0,5.0,78002.06,47763.28
518163.30000000005,283.73,5.45,8.0,5.0,83443.26,44900.79
328003.5,232.02,5.21,7.0,3.0,77057.18,24459.8
283045.5,243.85,5.51,7.0,6.0,60509.61,27080.04
330189.6,252.33,4.97,7.0,3.0,80305.21,22267.16
380943.30000000005,234.4,6.35,7.0,4.0,56324.62,41354.44
396302.69999999995,227.14,6.44,6.0,3.0,59794.62,54149.39
293472.30000000005,221.19,7.16,6.0,2.0,60812.86,26411.14
285760.19999999995,269.53,6.69,8.0,3.0,57982.79,15065.05
430204.5,199.87,7.36,6.0,3.0,75367.07,31669.62
302595.0,215.22,6.15,6.0,2.0,54447.69,50200.61
602266.8,249.85,6.35,7.0,3.0,101144.32,35772.52
264800.1,286.53,5.44,8.0,5.0,48963.3,35431.25
373865.4,273.94,4.08,8.0,5.0,77412.16,39030.08
264204.6,234.57,7.69,7.0,4.0,57972.42,13683.48
252037.5,259.98,4.9,8.0,6.0,64882.16,32807.85
440930.39999999997,234.65,6.97,7.0,3.0,66330.61,38240.98
547496.3999999999,228.25,6.66,7.0,4.0,76681.26,55292.22
421468.80000000005,276.37,6.21,8.0,5.0,80744.44,27185.76
387012.9,262.95,5.73,8.0,6.0,77158.17,28713.93
423108.89999999997,226.67,5.47,6.0,2.0,69351.48,46833.13
317480.69999999995,215.85,6.66,6.0,2.0,58159.42,36083.82
439478.69999999995,242.08,5.19,7.0,2.0,76275.33,40354.71
533103.0,283.73,6.08,8.0,4.0,84114.29,38702.34
247858.5,197.0,7.62,5.0,2.0,58756.18,23272.36
555472.8,221.94,8.01,6.0,4.0,81030.84,44372.94
465874.5,287.82,5.23,8.0,4.0,87004.0,24269.06
276743.69999999995,192.65,6.74,5.0,4.0,56788.03,36204.71
526028.3999999999,213.01,4.82,6.0,2.0,88767.53,58349.12
416310.30000000005,250.5,6.48,7.0,4.0,70394.95,31928.81
540574.8,245.73,6.34,7.0,5.0,86818.57,47663.14
371134.80000000005,254.94,7.21,7.0,4.0,60769.99,35204.81
302881.80000000005,274.72,5.48,8.0,3.0,66774.18,23793.34
480503.39999999997,314.95,5.66,9.0,4.0,74542.64,38039.6
145037.7,271.7,4.41,8.0,6.0,46361.58,37548.26
277618.19999999995,287.41,3.98,8.0,4.0,63059.34,25390.46
343013.4,245.41,4.76,7.0,6.0,63288.04,39626.52
385020.6,225.03,4.6,6.0,3.0,78646.88,41268.26
309410.4,256.76,5.16,7.0,6.0,64989.78,34819.43
346081.5,228.01,4.94,7.0,3.0,78190.14,35279.62
298541.1,202.83,6.06,6.0,3.0,69528.56,33176.04
301974.0,290.06,6.08,9.0,6.0,55935.78,37567.08
296230.5,211.5,6.93,6.0,4.0,60940.71,31113.49
269103.9,280.39,5.04,8.0,4.0,55774.73,38812.51
468251.39999999997,225.68,5.42,6.0,3.0,85337.55,31219.49
404945.39999999997,226.91,7.7,6.0,4.0,74438.96,22954.78
264944.1,261.87,4.94,8.0,5.0,67071.83,32084.74
277944.6,222.5,4.89,6.0,3.0,76822.43,24966.19
330045.6,220.05,6.46,6.0,2.0,68375.02,41562.75
202259.40000000002,232.05,6.04,7.0,2.0,56983.9,27207.32
476205.0,250.85,8.11,7.0,4.0,72750.48,36050.84
383096.1,210.63,4.47,6.0,4.0,80156.99,43328.34
294703.5,235.47,5.83,7.0,2.0,72432.26,23947.51
346029.9,271.98,6.6,8.0,6.0,62128.78,37889.76
239737.5,233.79,5.35,7.0,2.0,60434.35,29551.14
350892.0,216.98,6.78,6.0,2.0,75393.12,27536.94
477360.89999999997,225.52,7.51,6.0,4.0,85994.29,20303.81
435231.0,208.82,8.16,6.0,3.0,66644.29,36858.97
414432.89999999997,255.82,5.52,7.0,5.0,76784.12,40277.77
579241.8,258.6,7.96,8.0,5.0,71965.62,48873.99
384164.4,197.96,5.85,6.0,4.0,78898.8,29958.72
274903.19999999995,240.07,4.91,7.0,2.0,58321.57,45979.79
351267.9,264.1,6.5,8.0,3.0,51446.28,39900.14
484914.89999999997,292.34,6.55,9.0,5.0,79936.23,23655.48
316955.69999999995,267.68,6.78,8.0,4.0,49589.12,31733.65
475169.39999999997,242.12,7.03,7.0,4.0,72055.68,43542.66
185822.09999999998,175.88,5.05,5.0,4.0,70125.77,22063.21
313024.80000000005,250.39,5.67,7.0,6.0,54839.41,48345.47
366703.19999999995,242.97,5.82,7.0,6.0,66832.29,33075.81
430061.39999999997,279.36,5.01,8.0,3.0,72121.32,45905.59
442325.10000000003,265.42,6.38,8.0,5.0,69516.09,28373.17
548369.7,314.3,6.36,9.0,6.0,86310.09,29776.66
339161.4,260.21,4.45,8.0,5.0,69325.09,36345.83
227666.09999999998,193.34,4.68,5.0,3.0,62390.33,37535.64
363120.0,256.78,6.34,7.0,5.0,70185.74,26052.65
202445.40000000002,234.58,5.15,7.0,3.0,46991.79,33234.57
369662.69999999995,218.35,6.19,6.0,3.0,69269.94,32699.49
631561.8,282.43,5.17,8.0,5.0,96290.16,45801.17
498775.80000000005,311.92,6.86,9.0,5.0,63085.21,35193.34
433172.39999999997,224.77,5.47,6.0,4.0,76788.62,35936.06
234444.90000000002,247.21,5.41,7.0,6.0,58054.1,35257.72
467338.19999999995,269.92,6.41,8.0,4.0,68654.1,41729.6
442883.39999999997,235.05,6.78,7.0,2.0,74756.93,24491.92
423734.69999999995,222.22,5.19,6.0,2.0,75390.25,49401.12
431487.30000000005,251.96,7.53,7.0,3.0,63272.13,46311.96
500268.30000000005,206.66,7.72,6.0,4.0,63884.93,64566.69
339459.9,297.13,4.13,9.0,6.0,61654.7,41909.5
346281.0,269.62,6.35,8.0,6.0,52204.4,40056.27
495231.30000000005,309.77,6.45,9.0,6.0,72177.6,28394.01
416396.39999999997,238.11,5.09,7.0,2.0,82816.56,36855.67
397588.19999999995,263.23,7.58,8.0,6.0,60005.63,25480.42
247528.5,167.14,5.94,4.0,2.0,71323.14,28795.76
283255.80000000005,272.19,3.71,8.0,3.0,74111.64,30078.66
482618.10000000003,261.69,7.23,8.0,6.0,68163.12,36546.08
315067.19999999995,240.07,5.12,7.0,4.0,60272.77,35890.4
425307.30000000005,273.49,7.09,8.0,5.0,61310.28,43992.29
415905.30000000005,215.63,5.35,6.0,2.0,73370.74,56541.41
304663.80000000005,275.73,6.24,8.0,4.0,66718.4,20155.98
297580.19999999995,252.95,5.42,7.0,3.0,61687.87,34760.76
380230.19999999995,214.74,4.7,6.0,3.0,83298.18,33657.24
447543.60000000003,244.09,5.29,7.0,3.0,79647.17,48360.69
366866.1,203.24,6.9,6.0,4.0,53042.23,60300.85
334470.6,268.91,4.27,8.0,4.0,59867.84,47726.25
307436.4,225.09,5.49,6.0,4.0,68570.08,44476.82
202647.0,193.12,5.81,5.0,2.0,55456.77,37009.34
454547.10000000003,265.35,7.14,8.0,4.0,70021.16,44935.88
147325.8,254.11,4.69,7.0,4.0,51797.3,30640.18
221144.09999999998,260.9,5.13,8.0,3.0,40394.04,40852.29
362662.5,243.58,4.76,7.0,4.0,68597.93,45358.64
322006.80000000005,270.08,7.03,8.0,3.0,41518.78,40432.05
166410.90000000002,164.7,6.37,4.0,3.0,67186.26,16292.53
367738.80000000005,226.14,6.21,6.0,4.0,64316.13,38159.21
384701.69999999995,216.33,5.04,6.0,2.0,69048.16,41773.51
422947.5,259.19,5.53,8.0,6.0,70036.3,47618.52
434600.39999999997,280.16,5.09,8.0,6.0,79710.2,39830.05
218520.59999999998,252.38,6.75,7.0,6.0,52799.79,20438.41
414444.89999999997,170.41,7.07,5.0,2.0,64634.63,52131.81
427498.19999999995,253.27,4.89,7.0,4.0,69467.9,55700.44
522331.80000000005,259.52,6.51,8.0,4.0,79504.66,42677.28
408369.0,220.69,6.61,6.0,2.0,73789.89,47039.09
349349.1,264.69,8.32,8.0,6.0,55813.3,22779.37
412721.10000000003,245.71,5.33,7.0,6.0,75947.47,37455.32
190951.8,204.28,4.79,6.0,3.0,58615.15,40187.33
232787.40000000002,230.57,6.47,7.0,3.0,56868.11,31060.2
292962.0,252.21,4.78,7.0,4.0,70586.6,31798.69
314490.6,258.77,6.06,8.0,3.0,64494.48,29404.07
172708.2,206.98,4.08,6.0,4.0,61808.03,40774.68
409631.10000000003,227.76,5.83,6.0,4.0,78748.03,30640.84
420965.69999999995,271.58,6.08,8.0,4.0,71534.82,37402.43
517027.5,233.31,6.83,7.0,4.0,72386.55,49847.0
596199.6000000001,275.08,6.72,8.0,6.0,80258.12,42014.83
385560.6,249.73,7.1,7.0,5.0,60831.36,33623.51
391817.1,221.97,5.99,6.0,3.0,74325.08,32034.98
233563.80000000002,216.7,6.11,6.0,2.0,54562.87,39735.65
346704.6,210.09,5.36,6.0,4.0,74367.54,44663.82
462221.10000000003,282.99,5.89,8.0,6.0,84377.48,27093.29
280322.69999999995,243.04,4.54,7.0,4.0,66524.47,34618.83
88251.29999999999,211.86,4.93,6.0,3.0,47685.26,20962.9
426907.5,232.8,6.24,7.0,3.0,75071.97,35579.21
263029.19999999995,214.51,6.26,6.0,2.0,52157.74,44782.57
424922.39999999997,246.78,4.14,7.0,3.0,93439.8,34930.92
291761.1,214.57,5.25,6.0,4.0,56914.49,36351.92
518718.60000000003,187.61,7.5,5.0,4.0,71336.78,58926.23
294378.0,204.12,5.28,6.0,2.0,73120.66,32402.26
337569.0,181.95,6.77,5.0,4.0,54700.29,46224.49
217125.0,223.34,5.58,6.0,2.0,38139.92,45899.74
466965.60000000003,264.95,5.75,8.0,5.0,74567.2,44393.34
417391.19999999995,250.01,5.23,7.0,4.0,71628.51,44387.87
331094.4,263.51,5.34,8.0,5.0,71375.97,30469.55
601511.1000000001,301.49,7.7,9.0,5.0,82858.45,36835.74
316545.9,202.26,5.43,6.0,2.0,67907.06,30268.36
416810.10000000003,233.41,6.16,7.0,4.0,80606.86,34354.96
374838.6,259.11,6.06,8.0,3.0,63585.84,43547.58
450444.60000000003,255.41,5.46,7.0,5.0,87802.39,34354.16
388840.19999999995,235.75,5.92,7.0,4.0,64446.16,46743.72
297832.19999999995,221.47,7.2,6.0,4.0,56501.23,34720.46
325530.30000000005,262.56,6.13,8.0,6.0,65037.26,27356.9
220368.59999999998,238.79,4.8,7.0,2.0,55146.81,40018.19
366548.4,270.21,6.6,8.0,3.0,52122.95,38764.82
446991.0,233.46,7.12,7.0,4.0,59765.15,39557.32
508825.80000000005,227.72,7.83,6.0,3.0,79745.86,39511.68
267377.69999999995,215.2,5.13,6.0,4.0,66449.93,18725.61
404124.89999999997,220.27,6.92,6.0,2.0,65314.72,36565.03
428639.10000000003,301.0,6.25,9.0,6.0,59879.22,40838.66
359603.69999999995,298.73,6.04,9.0,4.0,65221.0,19500.48
358224.9,248.21,6.84,7.0,6.0,54850.44,43807.93
369938.1,256.27,5.03,7.0,3.0,86260.71,23964.62
476275.5,260.76,7.44,8.0,4.0,73391.28,36714.5
307631.69999999995,189.39,5.21,5.0,4.0,70323.1,36148.16
210271.19999999998,234.62,5.03,7.0,4.0,62124.48,20478.63
354270.9,235.18,7.58,7.0,2.0,55745.04,36078.32
274241.1,216.78,5.71,6.0,2.0,60244.29,24602.56
353580.30000000005,221.33,7.33,6.0,4.0,53624.82,36075.96
398571.60000000003,224.08,6.69,6.0,3.0,67168.17,45707.97
222734.69999999998,233.53,4.35,7.0,4.0,71405.06,22083.91
289379.1,241.85,6.49,7.0,3.0,45863.03,34426.42
483911.39999999997,318.28,6.56,10.0,3.0,67424.49,37721.32
245031.59999999998,233.66,5.91,7.0,4.0,69208.51,13355.02
384962.69999999995,226.99,5.5,6.0,3.0,67951.75,38731.29
292615.80000000005,254.83,5.36,7.0,3.0,61867.92,26132.87
266953.80000000005,220.1,4.82,6.0,4.0,61369.48,37670.83
293784.9,275.66,5.92,8.0,3.0,63580.73,31080.73
269081.4,213.12,4.83,6.0,2.0,62669.04,38547.92
513716.69999999995,206.58,6.69,6.0,2.0,90586.13,34922.64
410187.89999999997,234.47,6.03,7.0,4.0,72449.8,44066.21
284964.0,210.16,6.17,6.0,3.0,67683.2,31420.3
615178.2,339.5,7.63,10.0,3.0,79057.8,27142.03
484989.30000000005,184.65,5.65,5.0,4.0,88799.3,39139.0
407505.0,234.64,8.37,7.0,3.0,61150.56,31517.12
512438.39999999997,279.0,6.97,8.0,5.0,73984.74,36773.04
591125.7,255.75,7.79,7.0,4.0,79915.51,53159.74
490824.0,248.01,5.83,7.0,6.0,80055.13,44973.09
477381.0,312.51,6.04,9.0,6.0,60992.54,55947.97
541869.3,204.43,8.09,6.0,2.0,72533.06,46369.54
341624.69999999995,179.27,5.71,5.0,2.0,69753.29,50740.2
373932.30000000005,213.48,5.7,6.0,2.0,77623.98,38660.64
422137.19999999995,199.42,7.01,6.0,3.0,84292.11,24380.45
411249.0,243.66,6.3,7.0,3.0,75790.49,31311.99
447756.60000000003,230.54,4.75,7.0,4.0,73079.55,56970.73
228717.59999999998,214.97,4.32,6.0,2.0,66235.89,34922.49
500534.39999999997,253.21,5.63,7.0,5.0,85852.15,33200.34
283517.1,251.31,5.35,7.0,6.0,62333.49,29704.82
262349.1,201.69,5.93,6.0,4.0,60110.38,32536.47
324051.30000000005,222.81,5.39,6.0,4.0,76568.23,30823.91
314702.1,203.67,3.65,6.0,2.0,73257.27,44882.49
247976.09999999998,215.53,5.99,6.0,2.0,53657.29,38994.08
415298.39999999997,255.76,5.28,7.0,3.0,78583.26,35271.72
308193.6,235.12,6.57,7.0,4.0,62370.03,27221.18
581614.2,239.37,7.17,7.0,2.0,72937.71,57121.58
307625.4,286.13,4.08,8.0,6.0,77033.91,26160.16
178445.09999999998,266.25,4.52,8.0,3.0,49854.39,27402.71
410991.30000000005,224.48,5.32,6.0,4.0,87903.74,28782.24
134799.59999999998,267.73,6.94,8.0,6.0,35608.99,20833.01
376008.0,259.61,7.27,8.0,3.0,62933.33,32233.89
404170.19999999995,275.01,6.26,8.0,6.0,73260.63,25942.66
377334.0,230.68,5.16,7.0,4.0,71452.09,42152.14
442288.80000000005,284.68,5.06,8.0,3.0,65550.8,55084.16
453981.89999999997,232.22,6.55,7.0,2.0,73309.24,39582.93
312673.19999999995,273.97,4.03,8.0,6.0,55331.29,53055.85
386420.69999999995,227.15,5.59,6.0,4.0,73212.42,34019.97
596569.2,299.47,5.72,9.0,6.0,78300.41,53921.43
239952.59999999998,233.59,4.44,7.0,4.0,69154.76,36179.41
544066.5,236.33,6.85,7.0,3.0,76107.67,56376.97
147895.5,171.89,5.64,5.0,2.0,55415.24,24291.11
397659.30000000005,242.28,5.4,7.0,2.0,81970.46,33284.93
394541.39999999997,234.34,7.7,7.0,2.0,53935.11,53504.46
218997.0,210.41,4.91,6.0,4.0,61058.97,36325.3
398597.69999999995,289.1,6.12,9.0,4.0,61676.73,38467.82
479824.80000000005,296.44,6.49,9.0,6.0,59391.06,64543.32
404475.60000000003,236.5,5.75,7.0,2.0,72007.49,53713.28
305537.4,228.76,4.26,7.0,2.0,77079.72,32236.82
455279.39999999997,224.85,5.9,6.0,2.0,86219.6,44034.48
374186.69999999995,208.93,7.16,6.0,2.0,65279.53,39419.29
271810.5,228.97,7.35,7.0,3.0,64962.43,17093.81
360927.0,226.68,6.83,6.0,2.0,68450.34,32147.64
412731.30000000005,262.32,6.49,8.0,3.0,62305.64,47066.62
137833.8,213.37,5.07,6.0,2.0,51621.33,18194.12
371545.80000000005,303.73,4.9,9.0,5.0,66571.39,26651.85
392930.4,238.22,5.88,7.0,4.0,80963.18,24602.01
333474.0,236.98,6.0,7.0,2.0,61761.32,38825.4
329936.69999999995,161.62,5.77,4.0,4.0,80931.51,31837.49
374215.19999999995,254.01,6.27,7.0,4.0,73278.8,23586.38
463941.0,254.84,5.03,7.0,6.0,74416.2,47907.02
218794.5,231.63,5.46,7.0,3.0,64590.51,19652.15
484400.39999999997,238.71,7.97,7.0,2.0,65627.05,44808.3
483997.80000000005,280.54,6.14,8.0,4.0,75434.55,43181.91
229651.5,198.13,4.45,6.0,2.0,70153.7,35808.41
509035.80000000005,247.28,6.85,7.0,3.0,84014.41,41819.36
294048.6,235.41,6.26,7.0,3.0,65489.29,22599.37
350286.30000000005,222.97,5.52,6.0,4.0,78545.32,34477.47
298755.0,276.71,6.29,8.0,4.0,71893.47,19033.61
382948.5,227.76,5.83,6.0,2.0,73311.09,37252.96
494747.10000000003,251.57,5.69,7.0,5.0,77504.8,41864.79
480980.39999999997,286.53,4.87,8.0,3.0,75668.93,40746.12
394316.10000000003,258.4,5.35,8.0,3.0,77032.27,29023.35
407210.10000000003,242.76,6.49,7.0,3.0,71467.13,39812.31
392405.1,216.52,4.68,6.0,4.0,70189.01,53705.13
373804.5,218.84,5.57,6.0,4.0,77085.55,21287.44
440388.0,245.11,6.8,7.0,6.0,80957.05,30545.49
371793.0,269.4,5.73,8.0,5.0,56986.83,43921.11
437106.89999999997,254.67,6.55,7.0,4.0,69155.65,40808.14
394700.10000000003,224.19,5.24,6.0,4.0,76850.38,36333.48
265713.0,204.76,5.87,6.0,2.0,70866.72,24511.82
169993.8,218.54,5.18,6.0,3.0,54028.1,31319.54
326452.80000000005,224.58,6.48,6.0,2.0,64315.31,34940.35
331721.1,218.44,5.79,6.0,3.0,66374.69,36809.12
471499.5,267.82,7.37,8.0,4.0,63221.92,44348.42
423643.5,238.01,4.74,7.0,4.0,80417.54,44523.99
366217.19999999995,233.1,5.71,7.0,4.0,73053.95,41686.52
303573.0,242.13,5.88,7.0,4.0,62948.74,30494.51
205776.59999999998,263.95,5.21,8.0,5.0,59037.61,26234.11
352557.30000000005,214.94,6.42,6.0,4.0,67314.74,31872.78
316167.6,276.34,5.59,8.0,5.0,58714.48,32762.94
408150.60000000003,256.86,4.24,7.0,5.0,78286.52,42425.78
422711.69999999995,230.89,7.01,7.0,4.0,68785.2,48564.8
164338.5,230.81,5.53,7.0,2.0,62970.72,14241.25
363432.9,227.69,4.55,6.0,4.0,85048.2,23662.58
420988.80000000005,203.84,5.33,6.0,2.0,82425.05,41020.44
337709.1,192.82,5.9,5.0,4.0,68817.2,35621.68
320157.6,179.52,6.24,5.0,2.0,63170.38,44345.08
235877.40000000002,237.7,4.21,7.0,3.0,66943.8,28984.51
402320.69999999995,237.7,6.18,7.0,3.0,74591.28,28860.95
233315.69999999998,257.43,4.65,7.0,3.0,62302.06,40291.19
461839.5,247.64,6.87,7.0,5.0,67559.67,32487.57
221628.30000000002,191.7,5.09,5.0,4.0,70791.52,19314.63
233143.19999999998,204.66,5.39,6.0,4.0,61015.51,39588.23
339312.30000000005,260.64,7.32,8.0,3.0,65013.21,23039.89
267815.4,228.48,6.22,7.0,2.0,59179.87,33549.55
403322.10000000003,282.27,6.21,8.0,3.0,44426.26,55838.91
352485.0,298.69,6.7,9.0,3.0,52890.05,27165.23
284416.19999999995,261.84,5.45,8.0,6.0,57896.6,35960.63
429870.89999999997,278.73,5.76,8.0,3.0,67548.17,50213.74
494984.10000000003,238.75,6.33,7.0,3.0,72009.2,59313.74
350576.4,272.28,4.23,8.0,4.0,50143.64,67601.22
351754.5,222.14,6.3,6.0,3.0,63335.79,35469.03
315351.9,300.15,4.21,9.0,4.0,66083.17,39186.0
370724.4,225.95,7.52,6.0,3.0,68577.11,23927.33
295203.30000000005,229.62,5.79,7.0,2.0,69605.54,17597.04
363183.0,198.82,8.27,6.0,3.0,57276.72,35374.25
229823.40000000002,193.31,4.61,5.0,2.0,73682.49,34366.18
370390.80000000005,209.67,5.92,6.0,3.0,74056.57,38822.83
409292.10000000003,262.32,6.81,8.0,6.0,60325.99,38418.06
428814.89999999997,219.09,6.36,6.0,2.0,84851.16,34265.53
504236.39999999997,304.9,6.35,9.0,5.0,74008.83,32743.78
265467.30000000005,210.97,5.79,6.0,3.0,64059.44,27866.0
359571.9,217.89,6.0,6.0,2.0,71579.13,40130.54
299077.5,205.76,5.69,6.0,2.0,64730.13,31879.32
425220.89999999997,242.38,6.81,7.0,4.0,70763.42,29873.99
164984.09999999998,242.67,4.43,7.0,4.0,62072.07,23853.97
372509.69999999995,293.69,5.23,9.0,4.0,63209.69,33967.67
377605.80000000005,245.39,4.66,7.0,3.0,61009.11,60309.12
343253.4,207.77,7.69,6.0,4.0,62566.76,26717.6
455516.10000000003,298.27,6.09,9.0,6.0,60426.51,46776.74
177753.59999999998,233.74,5.41,7.0,4.0,56349.97,31048.99
385077.0,212.32,6.9,6.0,3.0,65827.34,46346.62
304227.9,226.03,6.25,6.0,3.0,63376.71,29743.59
460545.60000000003,273.73,6.55,8.0,3.0,77275.77,41162.34
526372.8,269.39,6.75,8.0,6.0,68057.07,52547.83
415489.80000000005,274.74,5.52,8.0,4.0,59828.8,47590.83
166275.90000000002,216.57,4.27,6.0,4.0,65672.2,34640.72
450735.30000000005,283.37,6.65,8.0,6.0,66667.33,37198.29
579240.8999999999,264.98,5.69,8.0,4.0,78074.95,58051.6
392958.0,184.66,5.62,5.0,3.0,77911.36,42795.35
333157.80000000005,187.88,7.49,5.0,2.0,70378.49,31646.38
463007.10000000003,254.65,7.29,7.0,4.0,62845.11,44604.27
520932.60000000003,280.09,6.67,8.0,3.0,69699.52,47248.81
411110.39999999997,244.64,6.71,7.0,5.0,75477.52,18878.8
484474.80000000005,245.68,6.45,7.0,4.0,79750.3,36085.1
337338.9,180.88,8.05,5.0,4.0,63617.9,30692.92
388015.19999999995,244.7,5.06,7.0,5.0,71501.14,44428.15
441890.39999999997,254.04,5.04,7.0,6.0,81570.54,32485.41
302943.0,250.6,5.81,7.0,4.0,60270.45,26945.57
365118.30000000005,208.66,6.3,6.0,2.0,66407.79,38707.53
491200.5,190.55,8.42,5.0,3.0,74479.34,34615.96
471271.5,296.39,6.03,9.0,6.0,71830.75,39939.8
300807.30000000005,206.69,5.84,6.0,2.0,75869.65,27606.01
544365.3,261.91,6.78,8.0,6.0,75774.72,44508.6
503101.5,288.93,6.92,9.0,5.0,75174.66,40179.17
351960.6,206.92,5.31,6.0,4.0,73688.95,38977.47
258103.80000000002,251.15,6.5,7.0,4.0,53409.28,22522.88
189513.90000000002,214.08,4.19,6.0,3.0,59167.64,39496.13
399278.69999999995,246.02,5.99,7.0,3.0,69429.19,44822.35
263806.80000000005,269.51,5.81,8.0,5.0,53365.02,36419.23
190625.7,206.19,4.56,6.0,3.0,59114.2,40488.33
325648.5,252.09,6.11,7.0,6.0,63143.62,33577.51
307380.6,232.7,5.55,7.0,2.0,70957.0,27811.64
210559.80000000002,192.14,3.57,5.0,4.0,66197.49,35919.85
282799.19999999995,223.23,5.86,6.0,3.0,64497.27,30018.12
551427.6000000001,270.67,6.71,8.0,4.0,80948.11,32517.53
319545.30000000005,248.01,5.76,7.0,5.0,77193.94,19630.02
254869.80000000002,232.27,6.34,7.0,2.0,58874.27,19772.52
284967.9,238.61,5.2,7.0,3.0,67123.33,27725.53
388490.1,245.15,6.4,7.0,4.0,71642.46,27727.03
310164.30000000005,211.8,5.01,6.0,4.0,74614.82,46070.44
384210.0,257.5,6.19,7.0,4.0,63358.61,38575.27
416652.0,210.23,6.55,6.0,2.0,68596.0,55323.96
582067.8,285.01,6.89,8.0,5.0,81668.79,28884.05
476067.0,165.12,7.07,4.0,4.0,80379.06,54143.33
288624.30000000005,268.96,5.95,8.0,3.0,59195.33,30774.75
314939.69999999995,261.36,5.85,8.0,4.0,56909.83,36794.2
312234.6,224.75,5.37,6.0,2.0,66959.34,36043.02
330114.0,288.27,6.65,9.0,3.0,52267.25,25983.52
227713.5,301.91,6.97,9.0,4.0,38868.25,25432.08
385129.5,207.39,6.21,6.0,4.0,67466.3,47444.71
348885.0,199.47,6.03,6.0,2.0,67453.08,49085.96
426293.69999999995,269.28,8.01,8.0,6.0,64405.65,42611.54
291801.30000000005,250.0,6.13,7.0,3.0,62485.9,32428.13
541273.2,237.17,7.09,7.0,4.0,84613.54,43480.7
251065.19999999998,254.92,5.35,7.0,6.0,69616.21,14476.76
388394.4,244.89,5.21,7.0,3.0,68173.77,57699.96
390143.69999999995,222.58,5.47,6.0,4.0,80431.04,34615.6
312113.1,230.51,5.88,7.0,2.0,66098.57,28433.85
357976.19999999995,208.77,6.47,6.0,2.0,63866.37,33288.96
485438.39999999997,256.3,4.91,7.0,3.0,76960.78,55375.67
334157.1,233.59,5.01,7.0,3.0,75595.7,30177.12
511887.60000000003,261.49,6.83,8.0,5.0,68214.14,37311.66
197593.5,186.57,5.38,5.0,3.0,50881.91,35777.29
350698.19999999995,265.97,6.69,8.0,5.0,63781.0,35056.45
336963.0,186.38,5.31,5.0,4.0,73193.44,35707.76
274745.4,227.89,4.93,6.0,2.0,73875.68,34332.42
340242.9,225.04,4.57,6.0,3.0,76402.51,30636.46
476929.80000000005,281.9,6.47,8.0,3.0,76221.79,30324.19
165775.5,244.35,3.45,7.0,3.0,53630.32,43358.57
405875.10000000003,257.19,6.71,7.0,6.0,70488.78,38326.0
312984.30000000005,254.41,3.43,7.0,4.0,76149.22,30532.99
476829.30000000005,288.98,6.25,9.0,6.0,63748.24,47926.41
404664.89999999997,240.39,6.5,7.0,4.0,73038.22,32508.91
363732.0,214.38,6.53,6.0,4.0,76992.82,24874.04
474218.10000000003,279.39,5.86,8.0,6.0,89510.92,29766.44
364586.4,229.67,5.84,7.0,3.0,70438.39,29990.63
417536.69999999995,234.13,6.18,7.0,3.0,64345.07,48621.17
338174.69999999995,276.02,6.0,8.0,6.0,65901.48,32810.14
370383.0,257.04,7.03,7.0,5.0,58858.02,23978.59
280870.19999999995,166.72,5.08,4.0,2.0,59716.58,49859.5
555701.3999999999,273.35,6.57,8.0,3.0,89112.7,29673.02
602981.3999999999,303.62,6.02,9.0,4.0,85522.89,49257.85
248438.09999999998,209.0,7.63,6.0,4.0,50005.05,32614.78
498336.0,300.03,6.43,9.0,3.0,71491.38,42631.84
388770.30000000005,235.09,7.57,7.0,3.0,65608.61,28774.43
296892.9,259.05,5.41,8.0,6.0,65431.32,23365.44
536554.8,231.92,8.54,7.0,2.0,81909.51,30777.97
544456.5,266.65,7.13,8.0,5.0,82514.3,32252.14
351211.5,272.85,5.91,8.0,5.0,72764.93,19595.96
327236.69999999995,283.26,6.19,8.0,6.0,55288.84,31144.66
132175.5,205.81,4.61,6.0,2.0,59420.35,20691.48
308831.69999999995,226.09,7.25,6.0,4.0,59042.58,33182.44
248436.30000000002,243.36,3.41,7.0,6.0,76650.59,36333.95
295585.19999999995,207.09,6.74,6.0,2.0,59912.82,38092.93
263718.9,217.21,5.3,6.0,4.0,69544.13,27071.53
182820.90000000002,189.81,4.93,5.0,4.0,56588.24,38132.46
350657.69999999995,278.65,6.83,8.0,3.0,66269.51,18114.58
392252.1,242.87,6.96,7.0,2.0,74890.94,25333.87
407175.30000000005,256.28,7.01,7.0,6.0,71053.69,29359.21
354489.30000000005,241.17,6.44,7.0,4.0,60721.1,29978.66
388384.5,227.75,6.37,6.0,4.0,70204.39,38773.09
273496.80000000005,255.15,4.46,7.0,5.0,62347.25,37499.01
344798.4,260.18,6.26,8.0,3.0,73688.59,30994.8
260314.19999999998,275.71,5.34,8.0,5.0,45685.25,30345.59
291920.69999999995,226.79,5.87,6.0,3.0,70689.36,21350.1
325322.4,270.81,5.83,8.0,5.0,74510.79,9579.07
682636.5,231.78,7.04,7.0,3.0,98468.25,50676.31
369961.5,220.41,6.13,6.0,2.0,69275.05,40144.75
571807.5,273.53,7.33,8.0,4.0,65969.71,61772.76
423788.10000000003,228.5,6.16,7.0,3.0,65897.66,49667.61
362628.30000000005,244.41,6.99,7.0,5.0,72110.5,23411.95
513277.19999999995,223.94,5.49,6.0,2.0,82069.66,47005.5
225036.0,193.0,5.89,5.0,2.0,47422.75,42771.41
408548.69999999995,268.26,6.45,8.0,6.0,71713.8,26861.13
271435.5,284.5,6.79,8.0,6.0,42348.16,33609.69
294042.30000000005,268.92,4.39,8.0,6.0,61393.05,44258.9
239476.19999999998,225.8,5.68,6.0,2.0,63783.53,32620.41
307951.80000000005,240.16,6.71,7.0,4.0,59803.15,30788.3
507700.80000000005,226.44,5.24,6.0,4.0,92201.21,45452.28
421651.5,216.25,5.94,6.0,2.0,75967.14,38897.09
283854.6,246.24,5.76,7.0,3.0,61300.28,33922.63
517132.5,222.18,6.72,6.0,2.0,77695.0,42122.54
371521.80000000005,292.29,5.1,9.0,6.0,66764.4,28467.21
395148.0,260.08,6.51,8.0,6.0,56734.16,35452.59
346725.9,248.24,5.45,7.0,4.0,66138.17,40675.8
312026.1,298.33,6.19,9.0,5.0,48747.16,31266.9
380084.1,254.45,4.64,7.0,6.0,73101.22,39998.46
426669.30000000005,233.89,5.65,7.0,4.0,69248.81,57771.29
367433.69999999995,284.43,6.36,8.0,6.0,49825.85,46399.81
291928.80000000005,218.72,6.04,6.0,2.0,67557.22,18468.81
153675.90000000002,258.91,4.95,8.0,3.0,59047.8,26365.15
271925.69999999995,225.22,6.11,6.0,3.0,60889.39,32997.64
334400.1,252.72,4.86,7.0,3.0,75409.22,33413.27
383509.80000000005,242.36,6.7,7.0,2.0,60770.07,38047.13
516201.30000000005,235.44,6.31,7.0,4.0,92106.8,32483.36
460288.5,254.21,6.32,7.0,4.0,77256.68,31886.71
319812.30000000005,245.35,5.8,7.0,3.0,69071.9,32106.89
428519.69999999995,275.11,6.02,8.0,5.0,79817.67,31765.9
256627.19999999998,198.29,3.94,6.0,2.0,85172.83,26018.02
255925.19999999998,210.24,4.83,6.0,2.0,63765.47,44863.71
280383.0,231.61,3.9,7.0,2.0,71028.18,43922.63
471534.60000000003,271.04,6.21,8.0,3.0,82681.24,30054.86
278149.19999999995,214.48,6.54,6.0,3.0,49435.54,43442.0
368270.69999999995,236.74,6.53,7.0,4.0,69139.68,29683.81
201540.59999999998,247.82,3.92,7.0,4.0,52642.48,50133.02
511775.39999999997,206.4,6.73,6.0,3.0,88345.96,41216.26
359674.80000000005,260.58,5.92,8.0,5.0,70558.84,24867.5
369029.1,269.14,5.92,8.0,4.0,55242.59,48812.88
229390.80000000002,240.24,6.8,7.0,4.0,50802.67,23725.78
466156.19999999995,292.98,6.16,9.0,6.0,79700.74,31348.74
435579.30000000005,234.55,5.66,7.0,3.0,68400.24,51988.7
319047.6,226.26,7.11,6.0,2.0,59107.29,37556.11
367854.30000000005,230.08,6.54,7.0,4.0,71650.46,33925.42
366296.1,245.4,7.51,7.0,3.0,51168.43,30369.19
444068.39999999997,244.97,6.4,7.0,6.0,82635.34,33770.24
492562.19999999995,194.55,6.71,5.0,4.0,76126.01,51054.52
378889.19999999995,216.68,6.24,6.0,3.0,83320.0,31552.54
433371.89999999997,243.59,4.74,7.0,5.0,85468.53,46505.79
407694.89999999997,214.27,5.57,6.0,4.0,81665.58,34753.88
190659.3,215.28,3.61,6.0,2.0,74385.14,20951.35
501054.89999999997,220.12,6.0,6.0,3.0,86818.07,41440.43
252370.80000000002,238.26,5.73,7.0,2.0,63911.62,15576.45
474559.80000000005,274.07,6.22,8.0,3.0,84095.89,21330.99
552448.8,267.8,6.93,8.0,3.0,58435.26,61205.81
567419.3999999999,222.16,5.77,6.0,4.0,78229.55,60747.2
549669.0,270.85,6.94,8.0,5.0,78160.31,39984.96
318628.5,260.02,4.05,8.0,6.0,72757.63,39088.4
291013.5,226.47,7.45,6.0,4.0,48125.48,40090.91
458670.30000000005,256.1,7.39,7.0,3.0,76883.49,26262.51
332148.0,247.35,5.89,7.0,3.0,69266.09,37180.5
390009.30000000005,280.57,6.1,8.0,3.0,71445.08,24318.53
464321.10000000003,211.1,5.78,6.0,4.0,77467.77,43628.95
374622.6,275.93,3.24,8.0,4.0,78578.34,35399.91
361670.4,264.02,5.71,8.0,6.0,58909.31,40865.82
298091.1,253.4,4.61,7.0,4.0,67270.84,33036.3
544156.8,278.34,6.11,8.0,4.0,76908.24,51630.42
546731.3999999999,248.0,7.12,7.0,3.0,81272.4,44406.46
350077.5,295.25,5.14,9.0,5.0,72827.49,14931.27
285732.0,221.94,4.84,6.0,4.0,69396.36,34932.29
497730.0,192.87,8.18,5.0,3.0,75299.61,34129.24
354598.5,200.56,6.72,6.0,4.0,75258.78,37245.94
337212.9,227.49,6.31,6.0,2.0,71322.71,25948.64
365891.1,257.28,6.44,7.0,3.0,64429.98,39055.82
260124.90000000002,252.07,5.69,7.0,4.0,63797.58,26094.91
415793.69999999995,228.84,5.76,7.0,4.0,70333.46,44795.53
217512.30000000002,276.62,6.28,8.0,5.0,49345.42,15113.59
422928.60000000003,241.67,6.58,7.0,4.0,56073.89,64149.68
311011.5,259.43,5.87,8.0,6.0,68419.33,30464.26
215181.90000000002,275.12,3.59,8.0,3.0,69654.36,27022.76
492743.69999999995,282.43,4.7,8.0,4.0,96901.08,32824.8
175632.0,272.68,5.08,8.0,6.0,49160.3,28382.71
180663.0,295.01,5.13,9.0,3.0,48498.14,30749.64
402068.10000000003,241.02,6.68,7.0,2.0,73112.85,32126.77
429015.30000000005,284.88,5.59,8.0,4.0,57190.76,45340.78
330336.0,268.26,5.05,8.0,3.0,67775.55,38345.58
269166.9,286.11,6.64,8.0,3.0,52599.09,31590.39
422795.69999999995,241.98,6.38,7.0,4.0,66655.97,36142.97
367820.1,261.11,5.17,8.0,3.0,64635.46,37866.63
273030.0,248.44,5.03,7.0,5.0,87272.09,7522.33
447603.0,254.62,6.24,7.0,3.0,77223.31,36454.3
466741.80000000005,227.91,6.59,7.0,2.0,74420.05,40250.89
446356.80000000005,265.9,4.76,8.0,4.0,73611.69,38294.08
298543.19999999995,271.66,6.4,8.0,3.0,63320.14,22076.15
345301.80000000005,183.05,6.77,5.0,4.0,82383.03,28614.54
528264.0,250.69,6.3,7.0,6.0,93876.43,29096.52
320100.0,213.39,6.02,6.0,2.0,62717.68,38535.67
429239.10000000003,255.52,4.41,7.0,6.0,84366.44,48150.25
294525.9,241.44,4.8,7.0,2.0,77208.64,28550.48
330755.1,206.93,3.97,6.0,3.0,77177.45,52057.05
400313.10000000003,222.22,6.19,6.0,4.0,80770.68,31518.01
418565.69999999995,246.77,5.47,7.0,5.0,72915.04,42030.42
368150.1,247.55,5.59,7.0,3.0,64826.87,36342.71
394670.39999999997,208.7,5.23,6.0,2.0,79575.25,43679.48
493001.69999999995,287.38,6.3,8.0,6.0,75302.11,33424.43
406325.39999999997,291.58,5.24,9.0,6.0,76942.51,28717.96
382160.4,195.13,5.7,5.0,4.0,70627.74,41602.02
403147.19999999995,309.28,5.43,9.0,5.0,65081.58,37594.49
207668.69999999998,200.24,5.2,6.0,2.0,72752.22,29034.32
423316.19999999995,226.9,5.55,6.0,3.0,72099.67,36902.15
249742.5,219.28,6.65,6.0,4.0,51747.92,29749.62
322900.19999999995,195.14,6.91,5.0,2.0,56815.74,35516.41
392949.0,256.45,6.56,7.0,3.0,60584.41,46635.77
339253.19999999995,243.42,4.99,7.0,3.0,80238.59,34271.1
235350.90000000002,254.41,4.17,7.0,3.0,60062.7,45347.93
413519.69999999995,278.46,5.22,8.0,3.0,76339.62,45735.19
295061.4,250.33,6.66,7.0,4.0,60319.43,33337.77
521394.60000000003,246.78,5.55,7.0,5.0,91083.57,41734.83
394307.69999999995,254.51,5.49,7.0,5.0,73327.76,41378.88
411890.69999999995,287.1,5.64,8.0,3.0,54236.7,65857.93
299656.80000000005,240.64,5.68,7.0,4.0,54726.7,38582.56
442062.30000000005,240.46,6.08,7.0,2.0,61247.33,61075.6
544865.1000000001,258.04,6.89,8.0,6.0,74551.97,44843.2
338124.6,214.57,6.35,6.0,3.0,56962.45,43181.51
428349.60000000003,254.23,6.69,7.0,3.0,59665.57,48128.96
287773.19999999995,260.73,4.68,8.0,6.0,72353.58,15395.06
360735.9,288.55,5.05,9.0,5.0,55101.85,41219.32
439032.89999999997,262.86,6.7,8.0,6.0,62472.16,37618.68
336255.6,220.57,4.22,6.0,2.0,79020.65,34405.48
208940.09999999998,275.16,3.14,8.0,5.0,56402.54,29689.7
189496.8,286.7,4.14,8.0,5.0,61056.15,18606.66
410096.39999999997,248.82,6.79,7.0,6.0,55558.47,56250.46
575716.2,242.96,6.08,7.0,6.0,89760.92,54061.26
438102.30000000005,303.64,6.82,9.0,4.0,55529.91,45008.24
280646.69999999995,245.78,4.55,7.0,6.0,75534.28,27730.75
268873.80000000005,204.14,4.67,6.0,4.0,73266.0,30667.23
268261.19999999995,243.17,5.99,7.0,3.0,61611.75,18947.56
406119.0,254.08,5.56,7.0,6.0,66790.96,47064.02
448853.10000000003,264.68,5.49,8.0,4.0,69604.52,41785.91
188897.40000000002,233.87,6.44,7.0,2.0,43241.98,29478.53
164750.40000000002,232.57,5.64,7.0,4.0,51510.7,31773.29
521274.60000000003,186.61,7.06,5.0,3.0,80315.49,39733.6
374184.6,244.05,7.53,7.0,4.0,65483.26,33303.47
533969.7,238.34,6.06,7.0,4.0,92736.0,47376.47
309798.9,227.03,5.13,6.0,3.0,62678.34,44965.31
544743.0,246.75,6.1,7.0,5.0,86583.93,45514.15
416134.19999999995,229.25,6.7,7.0,2.0,62369.71,47224.76
378603.9,238.79,7.47,7.0,3.0,55624.67,45644.24
429695.39999999997,296.23,7.59,9.0,3.0,63421.9,11511.39
450486.60000000003,245.23,6.44,7.0,5.0,77521.06,32624.65
382703.1,207.96,5.91,6.0,4.0,73370.47,47740.76
443096.69999999995,244.62,7.14,7.0,4.0,82768.61,23581.39
238886.69999999998,244.73,5.83,7.0,5.0,68368.04,22033.12
212203.5,193.31,6.02,5.0,3.0,67041.97,15633.1
395469.30000000005,274.74,7.15,8.0,6.0,55507.31,44669.46
306258.30000000005,269.34,6.45,8.0,6.0,43795.31,48114.02
458307.60000000003,260.64,5.18,8.0,5.0,67754.69,51905.89
460870.5,283.78,5.18,8.0,3.0,78088.22,33389.76
444637.19999999995,228.19,7.52,7.0,4.0,67909.38,36742.34
197150.69999999998,246.08,5.59,7.0,5.0,51967.24,21454.2
417060.0,229.63,5.21,7.0,4.0,81707.24,37968.89
184136.40000000002,224.57,4.64,6.0,4.0,59865.77,30905.02
203331.59999999998,266.65,2.92,8.0,3.0,61544.58,30699.39
460784.10000000003,295.91,5.06,9.0,3.0,80228.6,27255.25
297001.5,219.81,5.49,6.0,4.0,60865.4,43351.37
311814.30000000005,209.87,5.87,6.0,4.0,59866.95,32064.6
332186.1,263.78,4.21,8.0,4.0,64769.64,43510.94
402273.0,236.81,5.41,7.0,2.0,89286.08,26176.77
400765.19999999995,255.49,6.6,7.0,5.0,83373.01,25663.23
304503.30000000005,298.34,5.95,9.0,3.0,59278.95,12351.72
203094.0,206.91,4.24,6.0,2.0,71232.91,31088.89
333034.19999999995,208.31,5.78,6.0,2.0,72102.56,41409.17
492309.0,289.7,5.64,9.0,5.0,80528.5,37717.25
274313.4,262.53,5.37,8.0,3.0,54051.02,27822.5
377569.19999999995,245.3,5.62,7.0,6.0,66465.37,41130.09
432272.69999999995,246.83,4.44,7.0,5.0,70085.95,51446.69
487241.39999999997,260.96,6.21,8.0,6.0,75475.51,47447.88
560965.8,233.9,7.67,7.0,4.0,88824.5,28715.7
390824.69999999995,298.53,4.01,9.0,3.0,65948.92,41260.92
428859.0,279.54,5.68,8.0,6.0,68219.51,42342.58
306948.9,254.75,5.27,7.0,3.0,74881.06,23526.5
202071.30000000002,204.64,3.44,6.0,4.0,59886.42,54546.83
497300.10000000003,251.76,5.39,7.0,4.0,75291.06,48224.14
417625.19999999995,281.54,6.91,8.0,4.0,69350.79,36779.06
408030.30000000005,253.02,6.01,7.0,6.0,79687.76,20867.67
330906.30000000005,246.26,6.35,7.0,5.0,61679.17,34867.99
396874.19999999995,208.87,6.46,6.0,4.0,77527.54,41812.8
391555.80000000005,258.8,6.3,8.0,6.0,65010.55,34706.87
429455.10000000003,255.58,6.57,7.0,5.0,60503.0,49155.51
341234.1,236.43,6.93,7.0,3.0,52282.12,45867.87
303143.1,240.97,4.7,7.0,4.0,54293.14,49751.63
434709.89999999997,213.76,7.19,6.0,4.0,64912.52,48685.42
319371.0,207.79,5.91,6.0,3.0,70213.65,34386.43
182174.7,291.18,3.66,9.0,4.0,48640.1,33381.24
360668.4,254.39,3.88,7.0,4.0,64534.47,52933.67
245044.19999999998,203.41,5.23,6.0,2.0,58337.23,38235.03
479447.69999999995,202.27,6.2,6.0,2.0,78845.76,54845.49
497514.30000000005,271.02,5.49,8.0,5.0,74691.95,55403.09
393627.89999999997,230.49,6.37,7.0,3.0,68217.68,49240.84
194394.90000000002,225.21,6.13,6.0,4.0,55306.14,32142.95
447836.10000000003,328.13,6.98,10.0,5.0,69012.77,33069.76
188320.2,262.9,4.07,8.0,3.0,60846.62,28172.07
548250.3,289.24,4.27,9.0,6.0,93838.1,44138.01
401776.5,256.29,4.65,7.0,4.0,78918.87,36711.62
486284.69999999995,190.64,6.54,5.0,4.0,83896.36,43672.63
491383.5,240.02,6.9,7.0,3.0,78501.86,34685.82
365066.4,243.95,4.57,7.0,3.0,78239.41,36936.63
466649.39999999997,236.49,5.96,7.0,4.0,70220.04,46222.46
261914.40000000002,255.73,4.93,7.0,6.0,62184.54,26008.31
253816.80000000002,212.0,4.2,6.0,2.0,68201.41,43468.16
308548.19999999995,219.92,7.48,6.0,3.0,66862.88,15325.65
470880.0,242.95,7.01,7.0,4.0,83638.12,24565.98
539469.8999999999,245.19,5.48,7.0,3.0,81149.73,54929.67
420644.10000000003,295.49,4.64,9.0,3.0,75318.69,33280.59
119673.0,193.58,4.97,5.0,4.0,50847.11,34763.7
279947.1,218.93,5.37,6.0,2.0,70090.32,26390.81
213685.80000000002,265.71,3.56,8.0,5.0,63629.85,33517.69
378578.1,249.84,4.74,7.0,3.0,67076.05,40406.51
319189.19999999995,230.7,6.23,7.0,4.0,61909.04,28953.93
390608.69999999995,241.17,5.92,7.0,2.0,66623.69,47995.1
587367.6000000001,263.8,7.11,8.0,3.0,82391.52,33232.34
254745.90000000002,213.64,5.47,6.0,2.0,62917.32,36845.31
321216.0,258.46,7.1,8.0,6.0,61214.74,32254.4
214249.80000000002,222.65,4.85,6.0,3.0,55952.69,30758.28
432564.89999999997,187.09,6.15,5.0,3.0,93993.4,37062.48
208104.30000000002,263.05,3.72,8.0,3.0,69436.14,30884.96
318037.19999999995,242.29,4.79,7.0,3.0,67295.02,40190.1
460578.60000000003,255.66,6.72,7.0,5.0,77825.23,31439.97
436404.60000000003,273.01,6.88,8.0,5.0,54432.46,41557.58
318777.9,260.68,5.08,8.0,3.0,58180.42,36506.98
572357.7,226.05,6.85,6.0,2.0,88904.34,41807.6
289595.69999999995,212.4,6.3,6.0,2.0,79442.51,4114.49
332892.0,210.16,6.27,6.0,2.0,67389.9,34710.21
335578.5,230.16,5.79,7.0,3.0,64381.08,44712.48
314898.30000000005,261.87,4.92,8.0,4.0,70881.44,36040.21
688394.3999999999,240.72,8.09,7.0,4.0,82859.59,60040.55
406818.60000000003,255.67,5.45,7.0,6.0,66736.99,54086.9
296971.19999999995,184.71,7.17,5.0,3.0,66274.46,30082.07
449772.89999999997,226.03,7.24,6.0,3.0,64621.64,44288.09
348074.1,231.72,5.66,7.0,2.0,67285.32,37956.29
390704.4,208.7,6.26,6.0,2.0,69916.81,41686.41
465993.30000000005,238.65,6.16,7.0,4.0,85802.97,26139.27
283575.6,212.3,4.28,6.0,4.0,77459.76,37910.29
347609.4,266.21,6.04,8.0,6.0,69612.4,26489.31
378371.69999999995,179.25,7.33,5.0,3.0,74898.66,32530.26
377184.6,241.78,6.53,7.0,3.0,59483.93,38894.23
383839.5,263.02,5.65,8.0,4.0,68527.54,34977.45
283156.5,255.97,5.26,7.0,6.0,48278.86,51148.23
421362.30000000005,195.14,6.64,5.0,2.0,74333.54,41440.2
388990.80000000005,258.63,4.84,8.0,5.0,91118.13,23038.45
435298.80000000005,241.04,5.59,7.0,2.0,75667.79,46782.39
496489.5,274.89,5.75,8.0,4.0,81754.91,42975.62
309260.1,215.81,5.92,6.0,3.0,62314.21,48263.04
361230.9,186.07,7.38,5.0,4.0,64421.25,42873.05
334716.6,234.88,5.15,7.0,3.0,68631.71,39635.83
182058.90000000002,243.92,3.52,7.0,3.0,60317.78,32276.03
291352.5,254.67,6.72,7.0,3.0,58387.98,28318.26
308956.80000000005,250.53,4.9,7.0,6.0,62406.53,30541.1
374037.30000000005,224.51,5.89,6.0,4.0,81025.45,25851.04
344065.80000000005,184.6,6.07,5.0,2.0,75951.57,35230.8
322665.0,233.24,6.18,7.0,4.0,73480.21,19481.39
322278.9,226.98,6.8,6.0,2.0,67535.21,32375.83
334618.19999999995,238.33,6.54,7.0,2.0,61577.43,34810.29
448863.0,289.66,5.21,9.0,3.0,73388.47,41648.11
389997.6,302.96,5.11,9.0,6.0,57730.32,42451.31
434095.19999999995,221.26,7.41,6.0,4.0,68101.12,29827.67
377212.80000000005,233.22,6.23,7.0,4.0,63513.47,46819.13
464791.19999999995,220.67,6.26,6.0,2.0,75866.04,36698.65
248543.09999999998,232.39,6.09,7.0,3.0,58696.59,21434.06
492603.30000000005,230.41,6.16,7.0,2.0,76415.55,52719.92
254216.09999999998,219.81,4.98,6.0,2.0,71090.65,26030.46
290424.6,238.79,4.76,7.0,2.0,67470.51,32200.52
448615.19999999995,243.2,7.73,7.0,6.0,65244.88,39757.7
203616.59999999998,224.76,4.18,6.0,3.0,61249.57,30288.7
428265.30000000005,238.96,6.5,7.0,4.0,77502.47,39075.64
328161.9,257.39,6.84,7.0,5.0,51445.19,44966.07
495969.89999999997,220.44,6.89,6.0,2.0,73956.99,46775.81
353481.6,242.71,5.2,7.0,3.0,70221.36,39692.11
226753.19999999998,225.73,5.52,6.0,3.0,58354.57,35765.75
363110.1,277.07,3.87,8.0,5.0,79274.8,42773.61
294069.30000000005,229.09,5.92,7.0,2.0,58195.29,31789.97
336624.9,249.77,5.06,7.0,4.0,68001.2,47116.06
432412.80000000005,238.32,5.66,7.0,3.0,80174.92,45233.33
375538.19999999995,240.55,6.89,7.0,3.0,57160.2,43467.15
377165.1,252.55,6.21,7.0,5.0,70799.77,33865.62
596043.3,273.81,5.37,8.0,5.0,95000.79,44202.66
465072.60000000003,235.1,7.42,7.0,4.0,76808.34,31129.64
391538.1,261.64,5.85,8.0,3.0,63167.19,34317.5
282048.9,194.01,4.33,5.0,2.0,68366.34,42522.59
207287.69999999998,247.72,5.64,7.0,4.0,67920.18,15800.75
345909.0,274.2,4.29,8.0,5.0,68803.55,39475.4
334946.1,278.93,7.16,8.0,5.0,62126.75,20803.69
460251.60000000003,223.51,7.03,6.0,3.0,76398.38,39014.97
268030.5,274.44,6.33,8.0,4.0,55510.47,26153.07
120344.70000000001,221.84,5.64,6.0,2.0,38734.01,38890.89
387226.5,284.97,4.94,8.0,6.0,62245.74,44373.63
559521.3,245.39,6.21,7.0,6.0,88933.2,52976.31
375429.30000000005,268.54,4.69,8.0,5.0,58229.77,44972.03
340173.30000000005,198.52,6.42,6.0,3.0,58282.1,49585.56
506427.89999999997,290.01,5.48,9.0,4.0,73689.43,49240.32
418239.60000000003,252.91,5.59,7.0,4.0,61667.72,65184.58
277033.19999999995,227.3,5.36,6.0,4.0,78462.91,17227.91
339460.19999999995,288.82,5.51,9.0,3.0,50857.1,40790.18
442710.30000000005,245.47,6.67,7.0,3.0,73331.55,42656.44
252895.80000000002,249.67,4.89,7.0,3.0,52541.32,41258.26
398315.39999999997,201.78,5.93,6.0,4.0,77922.99,36561.83
366210.30000000005,227.82,6.47,6.0,2.0,68811.67,33910.83
420952.80000000005,258.71,8.22,8.0,3.0,55421.17,30995.21
399496.80000000005,257.68,6.11,7.0,4.0,68776.67,37986.7
315470.4,268.53,4.59,8.0,4.0,55691.5,44019.21
544157.3999999999,283.07,6.11,8.0,3.0,72654.57,51456.15
312371.4,243.09,5.88,7.0,4.0,67362.46,32363.38
523826.10000000003,224.01,6.31,6.0,2.0,90864.0,41837.48
423864.60000000003,217.36,6.31,6.0,4.0,69173.67,44935.38
467288.10000000003,267.7,5.58,8.0,6.0,85592.38,25670.38
539131.5,256.65,7.05,7.0,3.0,61625.06,52850.41
276974.1,201.43,6.81,6.0,4.0,65198.0,28162.44
250255.80000000002,194.5,4.75,5.0,3.0,76009.3,26888.41
481125.0,238.66,7.8,7.0,2.0,69421.03,38962.02
453298.80000000005,207.35,5.97,6.0,3.0,79348.44,50519.29
448961.69999999995,265.69,5.89,8.0,4.0,81239.17,27384.87
434197.80000000005,275.69,5.63,8.0,5.0,71348.47,45263.04
408552.60000000003,290.12,6.7,9.0,6.0,76024.77,16619.27
422993.10000000003,245.45,6.17,7.0,5.0,62421.97,50370.06
460233.60000000003,239.59,6.5,7.0,2.0,85192.74,22850.06
445406.39999999997,244.93,5.63,7.0,6.0,76113.37,46903.74
413750.69999999995,281.88,5.63,8.0,3.0,75767.7,27444.59
565315.8,285.03,4.44,8.0,3.0,78070.07,60023.36
256915.19999999998,256.7,5.0,7.0,6.0,70965.07,15482.45
506853.60000000003,222.29,6.82,6.0,3.0,83016.43,34140.17
492055.80000000005,266.26,5.96,8.0,4.0,71105.29,48457.02
135759.0,215.33,5.25,6.0,4.0,42814.99,41426.39
294043.80000000005,216.16,4.87,6.0,3.0,68071.43,35525.88
434822.69999999995,260.87,4.88,8.0,5.0,72992.36,35123.38
244435.19999999998,237.61,4.82,7.0,3.0,60912.72,41100.33
520691.10000000003,271.32,7.6,8.0,5.0,70670.58,40022.34
289477.19999999995,198.86,6.85,6.0,3.0,52308.34,35703.99
447215.39999999997,253.55,6.56,7.0,5.0,68210.63,52591.36
325855.80000000005,273.57,5.72,8.0,5.0,69380.01,28115.6
527754.0,252.15,6.61,7.0,4.0,80366.37,42775.98
394748.69999999995,236.82,5.76,7.0,2.0,74775.22,36903.31
341305.5,259.17,6.41,8.0,3.0,65210.24,39286.16
433846.5,221.1,6.2,6.0,4.0,77336.03,30222.69
480870.89999999997,242.04,6.47,7.0,4.0,72661.75,47048.49
432073.80000000005,261.88,5.4,8.0,3.0,78656.38,30157.63
240043.80000000002,183.02,4.99,5.0,4.0,63824.39,40086.46
447461.39999999997,303.95,5.15,9.0,4.0,74625.74,35548.65
290796.9,217.96,6.47,6.0,3.0,60749.23,32891.16
316731.9,265.34,5.16,8.0,6.0,68780.91,36591.96
389829.0,230.35,6.65,7.0,4.0,68923.68,40903.56
402028.5,232.78,6.75,7.0,2.0,70190.8,29215.14
517119.0,233.19,6.26,7.0,3.0,86690.87,42589.62
364231.5,255.22,5.53,7.0,5.0,68935.22,37908.35
118091.70000000001,208.51,5.44,6.0,2.0,56852.0,23915.56
441762.0,240.74,7.61,7.0,3.0,51586.27,55449.41
150765.90000000002,208.33,4.36,6.0,4.0,58276.58,31457.04
388867.19999999995,170.42,6.45,5.0,4.0,82713.91,29936.4
402844.5,210.11,5.97,6.0,2.0,73451.09,49251.81
509466.0,230.11,7.26,7.0,4.0,69667.18,53056.06
166651.2,259.94,4.61,8.0,4.0,59375.19,20794.82
389694.30000000005,247.19,5.8,7.0,3.0,66036.74,45577.3
432221.10000000003,218.78,7.65,6.0,4.0,65885.14,34100.92
343605.30000000005,260.33,5.66,8.0,6.0,77417.22,26527.3
464087.10000000003,242.82,6.81,7.0,4.0,78276.4,29483.36
321245.69999999995,238.73,6.44,7.0,2.0,67160.85,33805.33
598036.2,208.15,7.75,6.0,3.0,81835.86,51039.39
267594.30000000005,227.42,4.14,6.0,3.0,61426.0,45701.33
433152.60000000003,272.7,6.61,8.0,6.0,80889.67,12513.68
391566.0,212.43,4.14,6.0,2.0,91458.33,34252.73
371612.69999999995,264.9,5.46,8.0,6.0,59119.59,45539.12
372416.1,229.4,6.2,7.0,3.0,77413.93,28795.12
254702.69999999998,206.33,5.63,6.0,4.0,60421.75,32754.83
497035.5,277.29,6.99,8.0,6.0,79354.05,39092.19
568995.0,330.55,8.38,10.0,5.0,63151.16,42266.29
390108.6,276.69,6.1,8.0,6.0,68805.02,40744.09
347924.69999999995,261.47,3.78,8.0,4.0,78032.88,35334.63
379123.19999999995,238.74,7.17,7.0,2.0,76071.79,15586.36
387793.19999999995,251.48,6.91,7.0,6.0,63334.57,35638.54
407313.30000000005,274.02,5.66,8.0,3.0,63650.86,46457.02
283665.30000000005,229.26,4.82,7.0,3.0,66181.92,25337.01
471630.0,264.17,6.14,8.0,5.0,71717.19,51974.84
605827.2,286.98,7.81,8.0,3.0,74419.54,48591.39
249441.59999999998,198.77,6.59,6.0,4.0,59289.68,29496.95
422504.10000000003,204.92,7.06,6.0,3.0,72197.38,34598.98
346237.80000000005,234.01,5.84,7.0,2.0,69423.93,36409.13
456325.5,295.32,4.31,9.0,5.0,64231.68,59717.67
456643.19999999995,313.98,4.99,9.0,4.0,66005.31,43283.93
458614.19999999995,221.25,6.02,6.0,4.0,82943.89,50524.74
386712.6,245.21,5.91,7.0,4.0,71735.98,38244.58
366839.69999999995,252.19,6.74,7.0,6.0,57319.95,44738.4
237652.19999999998,168.66,4.51,5.0,3.0,72363.2,42543.54
526190.1000000001,264.28,5.06,8.0,3.0,87678.16,43805.52
344857.5,218.9,6.21,6.0,4.0,66404.17,35977.32
562949.1000000001,250.56,5.08,7.0,6.0,94295.66,46014.58
313604.4,222.42,6.59,6.0,3.0,60891.73,41217.12
396990.30000000005,225.58,4.76,6.0,3.0,82264.15,37581.05
299172.0,226.66,5.42,6.0,2.0,58666.23,48132.62
361482.0,256.84,7.29,7.0,4.0,62497.33,27485.24
563382.6000000001,270.93,7.98,8.0,5.0,84226.17,30167.23
373515.9,262.19,5.33,8.0,3.0,74380.94,37315.79
349797.30000000005,217.73,5.58,6.0,2.0,73753.74,24970.71
455145.89999999997,246.63,4.77,7.0,4.0,76355.74,50209.55
254330.40000000002,214.88,5.48,6.0,3.0,59024.71,36271.53
303680.69999999995,243.94,6.69,7.0,3.0,54241.46,38997.78
431829.30000000005,228.87,4.61,7.0,2.0,90493.6,45211.01
438453.60000000003,223.25,6.56,6.0,2.0,82665.22,35513.46
203576.09999999998,263.41,6.03,8.0,4.0,45520.55,20070.23
235005.30000000002,165.37,6.3,4.0,4.0,58927.58,49100.82
449865.60000000003,293.76,6.49,9.0,6.0,63689.48,36260.07
437526.89999999997,266.14,6.33,8.0,4.0,82989.96,19372.75
368664.0,221.46,5.19,6.0,3.0,81614.87,33611.44
279714.30000000005,199.49,5.18,6.0,4.0,78661.55,25087.37
250280.40000000002,248.72,5.36,7.0,4.0,56907.13,38959.49
405302.10000000003,299.97,5.74,9.0,6.0,74636.9,22880.82
320636.1,203.83,4.79,6.0,3.0,63926.11,54954.76
337318.80000000005,285.74,6.42,8.0,4.0,62320.26,14596.25
711069.3,257.32,7.8,7.0,6.0,101599.67,37523.86
400485.89999999997,266.78,7.47,8.0,6.0,66051.55,26761.94
451332.30000000005,202.43,6.65,6.0,4.0,71475.83,48227.07
346030.5,240.31,5.39,7.0,3.0,63137.98,47697.27
377807.1,286.72,6.32,8.0,3.0,57223.57,44907.38
470323.80000000005,212.45,6.91,6.0,4.0,76075.15,40368.56
454926.0,252.99,6.02,7.0,5.0,74579.27,44873.84
409545.30000000005,236.0,5.8,7.0,3.0,84292.53,36446.87
313809.0,194.95,5.08,5.0,4.0,79120.44,39563.97
370189.80000000005,238.36,6.15,7.0,2.0,57143.68,51479.07
302930.69999999995,200.54,6.11,6.0,4.0,66300.58,31581.84
436079.39999999997,207.54,6.25,6.0,4.0,70161.33,37787.66
330962.1,233.61,6.05,7.0,3.0,75212.33,23162.91
471376.19999999995,186.11,6.53,5.0,2.0,86762.88,47724.58
420033.60000000003,198.35,6.58,6.0,2.0,69180.02,38114.53
546896.3999999999,279.22,6.92,8.0,4.0,78010.92,44157.29
352424.4,273.44,6.28,8.0,4.0,65192.11,26228.39
344372.69999999995,222.01,4.34,6.0,2.0,61325.08,51406.74
337237.80000000005,226.42,5.46,6.0,3.0,62617.33,48372.3
246880.5,227.97,3.75,7.0,2.0,63970.62,31944.55
434632.5,253.45,6.38,7.0,3.0,68860.59,40542.81
319089.30000000005,270.55,4.78,8.0,4.0,66701.77,37752.92
258497.09999999998,260.6,4.74,8.0,3.0,73823.94,10555.7
310428.0,218.66,5.38,6.0,4.0,62995.19,34347.24
372259.19999999995,232.59,5.64,7.0,3.0,75864.5,35756.69
432711.60000000003,266.92,6.71,8.0,5.0,72687.73,35427.11
417186.0,283.96,5.95,8.0,6.0,67059.92,35294.28
258722.40000000002,224.48,4.67,6.0,2.0,64705.38,33900.2
208545.59999999998,234.88,6.18,7.0,2.0,62382.46,14347.02
417761.10000000003,224.55,7.51,6.0,3.0,61355.95,43645.05
360195.9,284.89,5.19,8.0,5.0,59331.07,46669.9
276162.30000000005,316.38,5.59,9.0,4.0,44218.54,35420.74
390130.19999999995,236.19,6.42,7.0,3.0,59260.86,55030.17
351656.4,215.4,5.35,6.0,4.0,79159.3,41296.73
316419.9,201.61,5.74,6.0,3.0,76916.95,28213.41
184670.40000000002,208.5,4.14,6.0,3.0,62450.63,41190.21
381419.1,285.57,4.38,8.0,4.0,66447.48,48261.05
69357.0,202.77,5.1,6.0,3.0,62173.58,3883.45
312234.6,254.8,5.52,7.0,3.0,59611.33,40395.08
333513.30000000005,199.84,6.48,6.0,3.0,65531.11,39367.45
265738.80000000005,246.36,5.37,7.0,3.0,52681.23,44203.08
242926.80000000002,229.16,5.59,7.0,2.0,53348.63,36499.84
328738.19999999995,192.77,7.12,5.0,3.0,53048.67,46984.16
341582.69999999995,259.23,5.69,8.0,6.0,74283.06,21446.34
261972.59999999998,255.02,6.65,7.0,5.0,50212.44,20913.66
424074.0,231.03,6.74,7.0,4.0,75012.34,42877.42
519025.19999999995,219.47,7.36,6.0,4.0,81858.57,32549.99
298872.9,211.05,4.42,6.0,2.0,53664.08,57110.65
382055.69999999995,188.24,4.48,5.0,2.0,89502.85,40836.13
291053.1,247.92,6.18,7.0,6.0,51927.99,32256.64
342960.9,215.39,5.85,6.0,4.0,75927.36,22993.64
431395.19999999995,268.25,5.1,8.0,6.0,84802.79,35748.33
338616.0,151.41,7.41,4.0,2.0,66961.66,33423.29
459760.19999999995,232.62,5.68,7.0,3.0,86375.56,39781.75
324776.69999999995,252.98,6.67,7.0,4.0,59046.44,37813.71
346892.4,251.85,6.21,7.0,5.0,68368.4,28438.89
350628.0,280.18,5.35,8.0,3.0,61018.6,43395.74
407272.80000000005,251.98,8.08,7.0,6.0,65566.36,30117.17
276149.69999999995,233.7,5.49,7.0,4.0,59878.07,44212.91
543234.6000000001,298.75,6.08,9.0,3.0,76573.48,40002.33
271097.4,226.34,5.98,6.0,4.0,69013.37,17180.48
555154.2,215.54,7.65,6.0,3.0,78734.49,36688.16
344616.30000000005,234.41,6.91,7.0,2.0,59035.95,34753.42
447609.89999999997,230.42,5.39,7.0,3.0,83940.13,34602.38
249350.69999999998,218.55,6.83,6.0,3.0,54920.06,22835.58
339203.1,272.38,5.09,8.0,6.0,65554.84,39239.84
221160.59999999998,222.44,5.24,6.0,3.0,60168.27,33460.47
173492.7,254.53,5.38,7.0,3.0,52540.8,32090.23
333666.9,190.18,7.12,5.0,4.0,57182.8,39293.04
288759.6,237.21,5.69,7.0,2.0,55470.08,36246.41
253095.30000000002,222.51,5.68,6.0,2.0,67877.02,19524.1
365180.4,278.55,5.07,8.0,5.0,69439.94,33995.77
135092.09999999998,242.96,5.61,7.0,3.0,51874.1,26197.84
499041.89999999997,236.02,7.43,7.0,3.0,75655.91,31225.12
349384.80000000005,196.82,5.94,5.0,4.0,83973.3,20159.92
378905.4,203.62,5.76,6.0,3.0,65987.71,31771.53
659231.1000000001,251.26,5.99,7.0,5.0,94292.26,53620.89
516378.60000000003,262.76,6.62,8.0,3.0,62938.22,48947.36
501272.69999999995,271.5,6.18,8.0,5.0,72124.77,45415.72
344625.0,246.52,5.79,7.0,4.0,56398.33,50909.7
346464.9,244.94,7.39,7.0,5.0,50665.99,29726.01
512181.0,189.91,6.89,5.0,2.0,89475.56,31070.43
332522.1,237.72,6.73,7.0,2.0,45633.84,42371.58
376979.69999999995,284.51,5.7,8.0,4.0,66875.73,28819.04
354290.4,223.45,6.56,6.0,2.0,57849.55,43048.78
271630.80000000005,228.11,6.18,7.0,2.0,62881.16,22580.31
435036.89999999997,278.8,6.0,8.0,4.0,61091.45,46536.72
414843.30000000005,303.13,6.4,9.0,3.0,65973.38,40765.4
260608.19999999998,201.67,4.63,6.0,2.0,70280.69,38916.17
441524.10000000003,216.29,6.27,6.0,2.0,74428.13,49465.95
202913.40000000002,258.34,5.9,8.0,5.0,49500.18,25186.54
438726.60000000003,212.57,6.19,6.0,2.0,88905.84,26964.69
311034.6,247.11,5.48,7.0,5.0,63858.08,23808.18
336890.1,207.66,5.22,6.0,4.0,64044.03,58888.0
563122.2,276.35,7.55,8.0,4.0,73035.03,43408.42
497208.89999999997,265.22,4.72,8.0,6.0,77722.5,57287.6
527218.8,294.58,6.42,9.0,6.0,69185.71,50096.98
461725.5,251.99,7.21,7.0,6.0,67203.29,44610.45
521636.39999999997,287.93,6.76,9.0,6.0,69446.46,47025.18
356840.1,230.25,6.99,7.0,2.0,68700.27,22481.16
395038.19999999995,221.56,6.85,6.0,4.0,56671.15,54543.44
462891.30000000005,233.88,6.17,7.0,4.0,76824.56,43904.63
307491.9,187.24,6.02,5.0,2.0,62846.91,34628.99
405954.60000000003,224.76,6.65,6.0,4.0,73086.24,28913.11
478226.69999999995,287.3,5.81,8.0,6.0,70072.52,43181.82
450314.39999999997,286.64,4.13,8.0,5.0,74881.6,60895.41
243161.09999999998,242.79,4.2,7.0,3.0,53288.0,48927.3
381089.4,211.74,5.08,6.0,4.0,74245.87,53039.32
477306.89999999997,229.99,6.1,7.0,4.0,83112.21,44876.9
312195.9,272.53,4.95,8.0,6.0,65243.82,26710.18
191841.59999999998,225.26,6.5,6.0,2.0,62926.7,6248.76
260369.40000000002,201.11,7.58,6.0,2.0,53302.26,33222.76
232837.80000000002,237.74,4.36,7.0,4.0,54965.88,47460.61
360853.19999999995,229.76,7.51,7.0,2.0,73704.63,11637.89
403914.0,226.0,5.79,6.0,3.0,64675.13,53742.84
304329.0,245.35,5.58,7.0,4.0,72392.89,23997.45
412053.60000000003,242.52,5.29,7.0,2.0,75033.92,27355.83
436425.0,285.8,5.21,8.0,4.0,81291.67,33097.56
349980.0,275.87,5.3,8.0,3.0,55992.03,32032.64
327975.9,224.7,7.12,6.0,2.0,57108.62,43511.02
639228.6000000001,249.14,6.33,7.0,4.0,82373.21,67701.65
515928.60000000003,229.82,7.78,7.0,3.0,67433.4,41030.41
305964.30000000005,215.46,5.81,6.0,2.0,61088.39,40426.84
388993.5,218.94,5.92,6.0,3.0,69650.73,41608.06
411863.69999999995,240.91,6.87,7.0,3.0,64163.54,39354.79
335103.30000000005,242.31,5.93,7.0,3.0,68606.87,36084.84
287920.5,234.59,6.2,7.0,4.0,65739.69,27721.39
322447.5,237.56,4.76,7.0,3.0,50709.35,60199.84
276616.19999999995,284.15,3.52,8.0,3.0,65083.88,39498.3
305212.19999999995,242.29,5.18,7.0,3.0,58726.53,40771.03
368220.6,232.82,5.88,7.0,2.0,58593.45,45694.51
367812.6,246.2,6.5,7.0,3.0,59466.87,44825.81
423400.19999999995,283.55,4.75,8.0,3.0,79619.86,36156.92
395170.19999999995,287.37,6.68,8.0,6.0,63134.64,27554.29
375043.19999999995,175.85,6.78,5.0,4.0,81699.92,33957.0
416714.39999999997,322.12,6.78,10.0,5.0,49863.23,42056.85
237735.0,189.75,6.53,5.0,3.0,66835.22,23523.6
558204.6000000001,236.18,7.08,7.0,4.0,81301.92,40860.12
333248.4,273.8,5.63,8.0,4.0,67350.17,26076.39
461738.69999999995,248.7,6.44,7.0,5.0,77947.46,29660.8
339834.0,241.04,6.51,7.0,2.0,59941.02,37853.3
251889.0,250.51,5.0,7.0,6.0,69876.36,20038.86
372971.69999999995,240.59,4.23,7.0,2.0,74909.72,40193.53
331232.69999999995,272.6,6.16,8.0,4.0,62209.87,32529.95
499290.60000000003,268.82,8.55,8.0,4.0,83372.64,14502.44
245487.0,262.78,5.72,8.0,6.0,59273.42,20353.16
318799.80000000005,259.98,6.64,8.0,4.0,52916.37,36105.07
219013.19999999998,197.62,5.15,5.0,4.0,64714.52,23836.54
392152.19999999995,294.83,5.16,9.0,6.0,63427.81,31689.93
439413.0,181.98,7.64,5.0,2.0,72885.52,36711.49
230955.59999999998,209.61,5.04,6.0,4.0,63780.04,32010.23
303606.9,224.21,6.32,6.0,3.0,59709.93,39383.97
259898.40000000002,221.24,5.53,6.0,4.0,68275.58,31383.07
366818.1,206.4,6.16,6.0,3.0,78556.8,34677.72
299610.6,253.68,5.97,7.0,5.0,57471.94,35822.6
493272.60000000003,317.08,6.95,9.0,6.0,58583.51,39910.34
545156.3999999999,310.97,6.35,9.0,6.0,66537.25,53721.14
466192.80000000005,213.61,6.52,6.0,2.0,78269.14,54954.97
255177.90000000002,183.28,7.04,5.0,3.0,70562.36,26073.22
353996.1,246.31,7.49,7.0,3.0,65594.07,24580.56
466496.10000000003,258.18,6.61,8.0,4.0,72493.21,40722.66
384413.4,277.58,6.49,8.0,5.0,60757.08,35561.08
337703.4,265.01,5.4,8.0,3.0,72920.87,35656.23
511767.0,285.68,7.25,8.0,3.0,76134.68,34956.13
235069.5,210.97,5.97,6.0,2.0,56957.84,29498.96
406608.89999999997,302.38,6.29,9.0,6.0,54642.71,42987.07
278154.30000000005,190.66,6.65,5.0,3.0,60018.89,35188.92
317555.4,218.76,5.73,6.0,3.0,67417.11,36002.3
419269.19999999995,298.12,6.43,9.0,6.0,56088.64,44796.59
190628.7,197.54,5.33,5.0,3.0,70850.13,14731.97
331410.30000000005,224.22,4.61,6.0,4.0,69692.47,41818.0
410440.5,244.43,5.9,7.0,3.0,68104.66,35008.27
361235.1,247.39,7.37,7.0,5.0,50521.46,36713.86
155381.40000000002,250.71,5.31,7.0,3.0,64900.2,21815.49
372354.9,205.69,5.44,6.0,2.0,78951.74,31055.05
481088.10000000003,288.96,5.06,9.0,6.0,77553.91,53405.51
318961.80000000005,281.31,6.16,8.0,4.0,56734.35,27982.27
380787.9,165.48,7.18,4.0,4.0,72827.97,39730.48
319019.69999999995,234.92,5.36,7.0,4.0,76306.65,18041.94
468394.19999999995,266.3,9.13,8.0,4.0,57293.43,27991.84
340683.9,236.61,5.78,7.0,3.0,65088.09,39863.17
317204.1,224.79,5.67,6.0,3.0,67813.68,30253.86
231693.0,205.92,6.6,6.0,4.0,52866.9,31925.9
296778.9,228.06,6.48,7.0,3.0,55956.68,32844.56
209796.90000000002,233.5,5.9,7.0,4.0,56225.55,35245.74
478902.89999999997,246.44,8.19,7.0,3.0,71532.98,28635.37
449745.89999999997,252.25,4.44,7.0,5.0,70514.43,52378.25
231231.30000000002,245.36,4.5,7.0,5.0,54673.52,39160.55
316645.19999999995,281.36,5.67,8.0,6.0,58412.28,22900.11
372151.19999999995,275.28,6.4,8.0,5.0,64861.91,25032.14
270291.9,183.99,5.3,5.0,3.0,82632.05,13162.98
310793.1,235.93,5.53,7.0,3.0,71499.81,27417.11
325934.4,198.56,5.78,6.0,3.0,75034.52,25348.47
410094.30000000005,264.17,6.89,8.0,5.0,55447.08,37723.28
485081.10000000003,251.16,6.68,7.0,3.0,80196.24,48694.86
491983.5,247.62,7.01,7.0,4.0,60480.05,46361.63
152850.0,255.36,4.17,7.0,5.0,40581.78,48820.23
360037.5,235.44,6.69,7.0,4.0,61932.87,34143.05
642869.1000000001,281.52,7.04,8.0,6.0,94392.9,41462.13
390327.0,223.75,6.32,6.0,4.0,66236.43,45921.54
558194.7,258.75,7.47,8.0,4.0,76771.89,35690.22
385199.1,247.45,6.3,7.0,4.0,75851.04,26831.54
284206.80000000005,264.4,5.22,8.0,5.0,60509.84,35376.73
262739.69999999995,227.44,4.14,6.0,4.0,62052.19,41722.66
444912.30000000005,270.69,7.52,8.0,4.0,61657.04,42285.96
452656.80000000005,256.63,5.49,7.0,5.0,92609.23,29421.17
390844.19999999995,236.84,5.02,7.0,2.0,81038.14,35371.21
224218.80000000002,248.63,6.46,7.0,5.0,54012.57,21653.98
517019.10000000003,305.63,6.06,9.0,3.0,65573.46,58195.46
317829.30000000005,255.45,5.26,7.0,6.0,57335.79,41826.05
392819.1,271.83,6.58,8.0,3.0,64098.08,43769.97
294369.9,262.0,5.79,8.0,5.0,65212.37,29582.72
416929.19999999995,239.76,6.54,7.0,3.0,65256.14,37875.2
479989.19999999995,251.62,5.25,7.0,6.0,89488.64,49089.96
362652.9,273.35,6.82,8.0,3.0,54415.83,38937.79
617790.3,311.71,7.15,9.0,6.0,76674.52,43156.09
381701.4,276.86,5.78,8.0,3.0,62702.37,47285.46
417113.10000000003,253.03,6.56,7.0,3.0,72788.17,31765.9
363869.69999999995,253.87,6.27,7.0,4.0,72415.43,28885.05
418044.89999999997,215.31,6.18,6.0,3.0,73896.1,44256.78
480913.80000000005,224.87,6.57,6.0,3.0,87541.45,31044.98
318921.0,255.74,5.75,7.0,4.0,71843.76,27676.27
320547.9,232.98,4.99,7.0,3.0,74141.33,46905.19
401392.19999999995,239.12,6.28,7.0,3.0,74101.49,34628.54
266949.30000000005,283.88,6.29,8.0,3.0,42943.94,34468.87
392469.6,276.06,5.58,8.0,4.0,71267.71,36795.4
483630.60000000003,248.96,7.55,7.0,4.0,72655.65,23623.3
173448.59999999998,227.87,4.66,6.0,4.0,72531.13,15167.41
436238.10000000003,220.63,6.89,6.0,2.0,72259.58,45598.9
505361.39999999997,273.08,8.02,8.0,6.0,63593.95,40186.29
404163.0,178.12,6.39,5.0,4.0,85696.2,24138.07
481002.89999999997,256.01,5.74,7.0,4.0,80077.93,30774.39
415069.19999999995,255.57,5.41,7.0,5.0,75339.92,49307.21
211633.19999999998,205.62,6.0,6.0,4.0,54618.24,40673.92
425413.80000000005,253.2,5.58,7.0,4.0,66829.18,48776.93
437326.80000000005,236.26,6.14,7.0,4.0,82760.38,33839.09
485221.5,269.06,7.12,8.0,5.0,79769.05,22669.67
136805.7,168.3,7.15,5.0,4.0,46800.37,29587.14
404641.19999999995,248.42,5.5,7.0,4.0,78186.28,28130.27
473808.30000000005,290.75,5.35,9.0,5.0,65091.31,49224.09
115703.40000000001,231.19,4.86,7.0,2.0,51218.68,21091.59
336306.9,238.32,5.91,7.0,3.0,74095.71,32774.02
353566.19999999995,266.33,5.57,8.0,4.0,62769.03,43314.16
388940.4,281.06,6.49,8.0,6.0,64836.65,35163.52
94095.6,158.86,5.63,4.0,2.0,59141.8,29386.58
459088.5,283.86,4.79,8.0,5.0,66698.74,51747.78
374974.19999999995,236.7,4.72,7.0,3.0,75892.51,40908.89
381129.6,308.56,4.62,9.0,4.0,70031.27,36679.43
337126.19999999995,223.72,3.96,6.0,2.0,79757.02,45130.83
301526.1,272.62,5.71,8.0,6.0,60029.43,32818.07
513684.60000000003,283.19,5.99,8.0,4.0,70329.41,48077.26
209537.40000000002,204.72,5.51,6.0,3.0,65907.95,33303.54
396731.69999999995,229.09,6.43,7.0,4.0,87068.25,16083.14
479884.80000000005,230.42,7.08,7.0,3.0,76327.21,42939.27
342679.19999999995,205.83,6.68,6.0,3.0,62315.58,47163.75
303830.69999999995,249.54,3.34,7.0,6.0,63579.9,51246.1
373475.1,209.76,5.79,6.0,4.0,66197.67,55849.47
304958.1,206.09,5.56,6.0,2.0,65984.3,40976.79
415069.80000000005,241.02,7.04,7.0,4.0,70894.14,24878.46
457911.0,186.9,5.84,5.0,4.0,78186.24,49617.73
288448.5,268.88,6.31,8.0,3.0,59539.41,14403.84
368508.9,258.32,5.05,8.0,6.0,77163.3,27766.76
502404.30000000005,303.74,6.24,9.0,4.0,67082.03,40412.05
423365.10000000003,308.91,6.81,9.0,5.0,53120.63,36100.58
442917.89999999997,235.06,6.67,7.0,2.0,79095.28,23624.25
225397.19999999998,192.83,6.48,5.0,2.0,71244.17,15769.2
410014.19999999995,233.44,5.02,7.0,3.0,79058.94,35074.26
515587.80000000005,239.41,5.92,7.0,2.0,84703.63,51169.59
403460.69999999995,286.74,4.73,8.0,3.0,73001.11,45338.09
432623.69999999995,252.6,5.4,7.0,3.0,90972.41,24943.96
300267.6,194.39,6.03,5.0,3.0,77362.05,24171.18
466018.80000000005,290.18,6.43,9.0,5.0,70850.17,42035.99
590777.1000000001,235.39,7.94,7.0,4.0,81248.2,48922.52
430578.60000000003,237.18,5.64,7.0,2.0,72173.33,42946.08
215662.5,225.12,5.28,6.0,3.0,46627.79,37302.53
564924.6000000001,230.79,6.74,7.0,2.0,82113.98,51561.26
450732.89999999997,298.24,6.04,9.0,6.0,62622.48,48899.51
454095.0,169.14,6.84,5.0,3.0,70607.28,58793.27
423079.19999999995,187.88,6.05,5.0,4.0,80335.96,56689.28
194307.59999999998,179.37,5.51,5.0,4.0,58765.04,30997.44
502518.89999999997,218.34,5.69,6.0,3.0,86849.84,45178.47
400840.19999999995,245.68,7.91,7.0,5.0,71918.67,23690.7
412872.30000000005,275.51,4.61,8.0,6.0,75513.25,37175.07
504005.10000000003,274.14,6.55,8.0,6.0,66359.15,32976.81
355807.80000000005,212.31,6.45,6.0,2.0,68638.11,25380.41
438013.5,236.18,6.14,7.0,4.0,86084.34,24447.11
195281.7,227.89,5.96,6.0,4.0,55076.07,23794.95
457707.30000000005,252.76,7.2,7.0,4.0,74682.22,39293.65
548242.8,281.1,8.21,8.0,6.0,69379.24,34612.76
258119.69999999998,215.06,6.96,6.0,3.0,61431.83,32912.04
472254.60000000003,267.3,5.89,8.0,5.0,74085.69,32481.52
99948.29999999999,184.59,4.95,5.0,3.0,54204.81,39735.07
383904.30000000005,276.35,5.73,8.0,3.0,60842.8,45258.16
478424.39999999997,231.76,6.34,7.0,3.0,85429.47,36411.83
448612.5,286.12,5.63,8.0,5.0,76602.89,20927.43
286419.9,258.65,6.42,8.0,6.0,65629.88,17609.2
428008.80000000005,237.92,6.99,7.0,2.0,74227.5,25934.65
440538.0,238.1,6.3,7.0,2.0,79671.41,35953.16
482359.19999999995,291.78,5.49,9.0,6.0,71816.28,41178.26
266659.80000000005,281.81,5.84,8.0,4.0,54623.77,41939.52
345402.6,242.72,6.67,7.0,2.0,61536.56,29346.72
313711.5,249.55,6.38,7.0,6.0,66357.53,38072.28
383748.30000000005,262.35,5.08,8.0,4.0,64957.93,49513.9
539836.5,252.55,6.69,7.0,6.0,86895.6,38042.74
601550.1000000001,277.45,6.71,8.0,3.0,90533.31,46610.74
447783.60000000003,259.58,7.48,8.0,6.0,65939.88,29620.84
292944.6,266.76,5.3,8.0,3.0,56505.83,30995.49
374100.6,284.37,5.67,8.0,5.0,60564.05,49574.1
428004.60000000003,185.71,7.03,5.0,3.0,78606.75,51235.59
351597.0,236.39,5.67,7.0,3.0,72747.13,35060.35
411273.0,270.19,6.0,8.0,4.0,76193.72,26736.1
324921.6,258.16,5.35,8.0,3.0,70912.89,20797.82
319696.80000000005,234.52,6.13,7.0,2.0,81922.75,21677.01
447628.5,244.85,7.24,7.0,4.0,73312.89,32256.7
281059.5,255.08,6.08,7.0,5.0,48483.94,35848.08
589842.0,236.13,6.47,7.0,3.0,85009.07,48601.8
467459.10000000003,196.36,7.41,5.0,4.0,79029.46,48607.1
384176.4,208.07,5.81,6.0,3.0,70301.24,49076.65
256125.30000000002,277.69,4.17,8.0,4.0,46339.9,52123.99
293647.5,272.4,4.08,8.0,4.0,68272.32,30937.83
382066.19999999995,330.4,5.14,10.0,3.0,60285.61,27370.19
239597.69999999998,224.96,5.54,6.0,4.0,62671.73,31702.71
334238.4,179.73,6.4,5.0,4.0,66615.89,48604.07
332668.19999999995,257.88,4.56,7.0,3.0,78431.31,23623.3
213080.69999999998,234.7,6.33,7.0,3.0,46646.71,34006.87
342638.4,257.11,4.37,7.0,6.0,72405.47,35062.89
413481.0,227.19,6.33,6.0,3.0,66225.9,44384.52
342037.80000000005,235.23,7.0,7.0,3.0,56106.36,46002.9
299744.1,230.49,5.83,7.0,2.0,65896.42,34170.34
386760.30000000005,250.4,6.07,7.0,4.0,71601.64,34787.47
291959.4,173.12,6.24,5.0,2.0,57584.85,46724.9
453495.89999999997,276.01,6.72,8.0,6.0,65075.86,30826.08
347603.1,220.85,6.72,6.0,2.0,69635.6,26312.36
302728.19999999995,247.16,5.66,7.0,6.0,62829.04,29277.54
258304.19999999998,242.52,6.68,7.0,2.0,57093.56,19379.02
319311.6,251.19,5.39,7.0,4.0,72919.13,26625.14
565040.7,247.8,5.99,7.0,5.0,92774.68,35016.46
357402.30000000005,283.82,7.23,8.0,3.0,59443.2,28100.32
390090.9,230.36,5.23,7.0,3.0,71677.31,38736.9
337812.6,233.25,5.87,7.0,4.0,77620.92,29115.68
554553.3,245.12,5.69,7.0,3.0,95236.14,41524.58
321862.5,201.99,5.7,6.0,2.0,73145.49,31750.27
305738.4,203.63,5.49,6.0,4.0,62311.39,51601.59
363048.30000000005,232.47,5.02,7.0,4.0,66854.39,41382.73
468370.19999999995,217.3,6.63,6.0,4.0,70520.27,51639.31
654019.8,275.05,7.7,8.0,6.0,94241.82,39139.57
499654.5,262.53,4.95,8.0,4.0,83664.39,39642.13
392140.80000000005,249.82,5.29,7.0,3.0,62241.12,55613.38
481262.39999999997,223.0,7.1,6.0,2.0,74286.58,33439.44
317137.80000000005,225.84,5.58,6.0,4.0,70217.78,38779.35
323341.80000000005,213.46,6.86,6.0,4.0,35454.71,59636.4
398557.5,193.78,6.71,5.0,2.0,80707.4,25433.3
305332.80000000005,216.93,4.82,6.0,3.0,54921.91,49547.46
433145.10000000003,228.43,6.37,7.0,2.0,67258.59,50955.57
396603.0,253.41,6.12,7.0,5.0,77509.14,18264.23
319482.0,215.92,5.44,6.0,3.0,57759.77,49698.2
230562.59999999998,245.56,5.22,7.0,6.0,54234.38,37394.0
373368.9,307.45,5.64,9.0,6.0,63438.73,32180.36
223287.30000000002,254.85,5.06,7.0,4.0,40141.57,53364.46
563824.8,262.56,6.04,8.0,3.0,86197.03,44099.54
339509.4,242.44,5.04,7.0,3.0,75992.0,39503.1
300214.19999999995,266.74,4.38,8.0,5.0,61482.98,34993.84
393938.39999999997,290.28,5.0,9.0,3.0,70256.36,45672.39
543168.3,229.18,5.13,7.0,4.0,91328.09,49530.0
563180.7,274.87,7.21,8.0,6.0,75106.28,41143.44
448701.89999999997,226.26,5.73,6.0,3.0,79908.16,40229.99
512430.60000000003,223.13,4.97,6.0,2.0,93763.11,44047.91
317506.80000000005,253.65,7.56,7.0,3.0,50167.49,34292.31
204327.0,240.02,5.56,7.0,3.0,51391.64,28063.72
587419.5,321.87,5.74,10.0,5.0,79823.41,41545.61
105972.0,193.55,4.86,5.0,2.0,65913.86,12450.58
316291.19999999995,185.81,7.43,5.0,2.0,69603.69,31337.78
80415.29999999999,188.35,5.29,5.0,4.0,46367.21,26015.3
395579.39999999997,231.26,6.51,7.0,3.0,66195.34,37288.92
400361.10000000003,265.81,5.35,8.0,3.0,76899.28,37825.78
479620.80000000005,252.86,7.19,7.0,3.0,54427.91,54045.94
509985.89999999997,247.3,6.17,7.0,4.0,82920.88,33935.97
303681.0,232.43,6.71,7.0,3.0,47121.01,46303.46
328051.80000000005,229.59,4.71,7.0,3.0,74968.42,28045.42
319410.9,244.61,6.31,7.0,6.0,68222.74,32660.44
355384.19999999995,268.44,5.87,8.0,4.0,61485.87,38179.78
343944.0,229.79,6.03,7.0,4.0,72894.74,37796.06
577684.8,257.47,7.9,7.0,4.0,68254.6,48908.77
370164.9,246.32,7.05,7.0,5.0,62088.7,38337.48
246805.5,226.11,4.54,6.0,3.0,60658.65,45004.97
580749.3,257.54,6.67,7.0,4.0,76321.06,56696.52
273775.80000000005,251.89,7.57,7.0,3.0,52141.36,29595.43
491071.80000000005,249.38,5.97,7.0,5.0,75080.17,50408.86
359379.0,224.78,7.31,6.0,3.0,62117.45,26295.44
311938.5,191.31,4.4,5.0,3.0,74253.44,44939.67
310035.0,228.68,5.32,7.0,2.0,65561.46,40231.7
251877.0,237.57,5.94,7.0,2.0,58124.42,28863.87
234840.0,162.39,5.16,4.0,2.0,62159.23,36644.53
464138.10000000003,212.52,5.86,6.0,4.0,88722.96,29896.67
455611.80000000005,257.31,6.11,7.0,6.0,74791.02,29153.8
322336.80000000005,197.39,6.32,5.0,2.0,67305.62,39369.64
201588.30000000002,244.23,5.99,7.0,4.0,51195.9,30028.62
355720.5,275.52,4.94,8.0,3.0,63223.37,35891.81
455536.19999999995,232.03,6.77,7.0,4.0,78788.44,38656.43
200023.80000000002,219.48,5.68,6.0,4.0,58367.69,28800.91
296404.5,246.54,5.56,7.0,6.0,65149.9,29190.89
299235.6,250.97,6.16,7.0,4.0,72416.48,6805.74
537392.1000000001,284.49,6.59,8.0,4.0,81374.67,38647.5
367076.69999999995,252.2,4.56,7.0,6.0,70342.67,34970.82
396377.10000000003,274.69,5.0,8.0,6.0,68966.98,39917.43
358106.1,250.67,7.7,7.0,6.0,60104.12,31781.92
252062.69999999998,233.07,5.95,7.0,4.0,55192.85,36705.91
442423.5,230.79,6.67,7.0,2.0,68599.74,42548.11
458232.0,290.02,5.45,9.0,5.0,76611.89,33001.91
240614.40000000002,240.67,5.71,7.0,2.0,45318.67,47223.16
305088.30000000005,223.01,6.11,6.0,3.0,73714.16,30049.17
315369.0,215.66,6.74,6.0,3.0,59961.1,31853.71
362989.19999999995,269.42,4.72,8.0,3.0,70444.46,41919.58
407162.39999999997,219.78,7.97,6.0,4.0,66638.87,26641.7
454154.10000000003,258.1,6.4,8.0,5.0,73869.54,25694.25
521271.30000000005,274.54,4.41,8.0,3.0,74112.79,66995.47
184011.3,239.98,7.12,7.0,3.0,44180.46,30809.97
230335.5,240.65,4.47,7.0,4.0,65279.34,29971.9
354498.9,277.89,5.59,8.0,3.0,63342.29,31726.67
569450.7,209.74,9.01,6.0,3.0,77352.64,39667.51
441535.19999999995,196.38,7.0,5.0,3.0,76053.55,45636.33
419238.60000000003,195.48,5.3,5.0,4.0,92669.59,31467.48
199339.5,200.5,6.25,6.0,2.0,40748.65,46643.16
338475.9,267.28,5.44,8.0,3.0,68176.07,32525.45
382088.69999999995,249.77,5.87,7.0,3.0,84824.22,27862.67
290523.6,204.59,7.43,6.0,3.0,38571.96,47386.79
321461.1,225.16,6.24,6.0,3.0,63843.76,37703.3
540688.2,181.7,7.08,5.0,3.0,87444.17,51591.68
410874.89999999997,215.52,5.77,6.0,4.0,63409.98,56256.98
405085.19999999995,255.88,6.85,7.0,5.0,55096.8,52405.28
491349.30000000005,269.15,5.52,8.0,3.0,84597.3,31143.89
472284.0,249.88,6.57,7.0,6.0,71408.3,49463.05
375319.19999999995,264.62,4.77,8.0,5.0,77376.17,38105.78
297786.9,203.56,5.39,6.0,4.0,58968.03,50936.33
484951.5,271.88,6.01,8.0,4.0,86528.93,27593.13
432032.10000000003,289.77,5.49,9.0,3.0,63274.67,38904.67
341704.19999999995,231.72,5.56,7.0,3.0,72264.49,32827.68
341721.9,248.32,6.2,7.0,4.0,56180.59,41036.28
373047.6,278.74,5.24,8.0,5.0,59952.66,50752.19
306338.1,182.61,6.51,5.0,2.0,59938.75,44065.15
288275.69999999995,226.67,5.95,6.0,3.0,72847.99,21985.73
391886.4,244.82,6.73,7.0,4.0,65803.6,36011.05
461369.10000000003,249.71,6.71,7.0,6.0,73177.62,41971.16
272965.80000000005,208.07,4.53,6.0,2.0,64469.03,43745.99
525633.8999999999,268.95,5.42,8.0,6.0,87928.14,47452.36
338816.4,258.17,4.18,8.0,5.0,70844.21,33483.65
607470.8999999999,291.13,6.65,9.0,3.0,87758.43,47320.68
349490.69999999995,241.38,4.99,7.0,2.0,60555.41,49309.85
356236.5,258.06,4.87,8.0,4.0,60055.61,44435.16
502710.60000000003,189.88,7.1,5.0,2.0,88603.21,37215.67
349067.69999999995,261.09,5.78,8.0,5.0,62873.37,41637.8
244272.0,258.06,5.37,8.0,4.0,54226.29,35596.82
444202.5,262.96,6.07,8.0,4.0,76309.49,42652.37
384392.4,280.62,5.53,8.0,4.0,68297.52,23177.58
356113.19999999995,213.12,6.59,6.0,4.0,58895.33,41856.37
380340.9,213.19,6.34,6.0,4.0,75782.34,23287.07
328437.6,263.67,4.94,8.0,6.0,72314.85,35998.32
446872.19999999995,249.59,8.13,7.0,3.0,70422.29,20206.52
384298.80000000005,230.66,5.85,7.0,3.0,80407.31,22800.04
313904.1,240.26,4.22,7.0,4.0,65069.95,45095.7
344908.19999999995,238.86,5.21,7.0,4.0,72932.25,30072.72
319003.5,258.81,6.72,8.0,3.0,54769.38,39001.57
413133.89999999997,246.52,5.94,7.0,4.0,79296.7,24298.97
437857.5,236.04,6.32,7.0,2.0,82353.29,31745.92
269882.69999999995,265.78,6.34,8.0,5.0,38122.52,38067.55
144807.0,219.06,4.92,6.0,4.0,60757.32,29017.41
123680.70000000001,216.43,4.66,6.0,4.0,66469.37,22670.61
362939.4,249.52,5.88,7.0,6.0,59007.67,33631.23
402752.10000000003,212.04,4.64,6.0,3.0,88876.32,29004.16
218360.09999999998,219.1,5.53,6.0,4.0,63242.15,14291.15
434175.30000000005,267.93,5.54,8.0,3.0,62974.43,48184.92
473629.80000000005,213.95,6.01,6.0,4.0,86744.05,32474.83
473621.10000000003,263.66,6.27,8.0,4.0,69801.45,37852.54
433658.10000000003,253.86,6.22,7.0,4.0,63542.31,57318.79
366547.19999999995,189.81,5.78,5.0,4.0,78403.64,33686.37
609401.3999999999,294.79,6.44,9.0,3.0,85662.3,42401.6
369892.19999999995,236.1,4.87,7.0,2.0,82851.73,33366.27
427920.89999999997,243.7,6.44,7.0,6.0,70934.94,36394.25
156065.40000000002,222.79,4.31,6.0,3.0,64354.77,25495.36
394431.0,229.24,5.82,7.0,4.0,79243.24,32761.56
374799.30000000005,225.94,6.31,6.0,3.0,74944.35,31389.29
550669.5,269.79,6.1,8.0,5.0,77545.93,52740.41
305452.19999999995,223.14,5.22,6.0,2.0,69789.33,40473.77
182357.7,251.72,3.69,7.0,3.0,60308.91,35971.47
402294.89999999997,242.92,4.33,7.0,3.0,89130.03,39154.79
387822.0,212.23,6.03,6.0,2.0,73505.6,39677.33
531834.0,232.41,7.1,7.0,4.0,84023.33,33106.2
339566.4,211.91,7.21,6.0,3.0,53971.24,46685.36
481088.39999999997,260.14,6.2,8.0,4.0,74750.19,36538.76
242736.30000000002,236.82,5.67,7.0,3.0,56128.0,32807.51
296101.19999999995,200.49,5.54,6.0,2.0,73886.08,26038.51
203091.30000000002,209.66,5.46,6.0,4.0,45781.23,34660.18
138442.2,218.59,4.66,6.0,4.0,59788.22,15036.27
4781.700000000001,243.11,3.56,7.0,3.0,47320.66,15776.62
486848.10000000003,208.63,6.2,6.0,4.0,81510.37,39937.37
577246.8,250.07,7.15,7.0,5.0,81013.62,45472.05
464579.69999999995,217.37,6.83,6.0,3.0,70829.58,49360.09
602291.7,223.06,7.21,6.0,3.0,94889.8,31884.44
138573.59999999998,230.03,4.37,7.0,4.0,62635.26,24348.03
373151.69999999995,272.89,4.75,8.0,4.0,68871.45,40863.7
392976.9,256.42,5.89,7.0,5.0,76150.05,31443.04
403045.5,294.47,5.89,9.0,6.0,62443.29,37078.68
231364.19999999998,229.95,5.07,7.0,2.0,57597.58,29580.8
373486.5,218.14,7.3,6.0,2.0,70194.57,29254.11
109779.0,198.66,4.51,6.0,3.0,58342.37,19056.04
435932.69999999995,225.62,8.02,6.0,4.0,64492.95,30102.13
338671.80000000005,195.18,5.59,5.0,4.0,83284.45,24627.55
630209.3999999999,302.87,6.79,9.0,3.0,70975.97,61104.36
331507.19999999995,254.23,5.08,7.0,4.0,77742.19,22231.83
347857.80000000005,264.93,6.87,8.0,5.0,60563.79,31568.1
582279.8999999999,278.29,8.22,8.0,5.0,75454.16,51172.95
464709.30000000005,257.91,6.69,8.0,4.0,74490.4,35264.61
413836.80000000005,247.16,5.09,7.0,3.0,71052.46,46731.66
450575.10000000003,275.25,5.37,8.0,4.0,90293.03,26550.71
289096.80000000005,167.86,5.95,4.0,3.0,62060.94,55583.94
570300.0,230.44,4.9,7.0,4.0,88556.01,59262.54
360018.30000000005,216.21,7.31,6.0,2.0,64780.88,27027.06
319122.9,239.54,6.27,7.0,2.0,59940.07,27129.8
375819.9,204.89,7.43,6.0,3.0,62699.53,46419.47
272259.0,215.51,5.33,6.0,2.0,63574.47,34714.72
376826.1,277.02,6.82,8.0,4.0,66965.04,22890.84
455360.69999999995,270.61,6.25,8.0,3.0,69494.45,33916.88
511663.80000000005,297.58,7.68,9.0,3.0,77131.58,34905.05
324473.69999999995,250.38,5.06,7.0,4.0,70080.63,32524.43
261653.09999999998,250.67,4.31,7.0,5.0,68311.93,39833.09
318535.80000000005,200.47,6.07,6.0,2.0,74727.25,27372.31
406663.80000000005,291.63,6.02,9.0,4.0,67196.13,38417.98
436653.30000000005,266.43,5.26,8.0,5.0,72314.5,38251.86
433509.30000000005,224.34,6.26,6.0,2.0,72792.14,55997.85
247146.59999999998,270.63,4.48,8.0,3.0,58272.93,39755.9
508108.19999999995,217.11,8.19,6.0,3.0,72662.61,33532.54
283493.69999999995,255.71,5.43,7.0,3.0,66036.42,23207.68
347035.80000000005,219.23,5.64,6.0,3.0,69384.37,46833.36
391886.69999999995,209.06,6.17,6.0,4.0,73684.35,33448.71
535635.0,280.2,7.05,8.0,5.0,61056.4,53410.4
334524.30000000005,217.61,7.24,6.0,3.0,64762.66,32136.84
356476.5,280.38,3.94,8.0,5.0,71613.75,36926.0
355439.69999999995,229.71,5.99,7.0,4.0,63989.84,32059.77
340273.80000000005,254.15,4.68,7.0,5.0,66408.81,31942.72
332406.6,277.19,5.7,8.0,4.0,57905.5,43341.09
344525.1,273.59,6.0,8.0,4.0,65207.74,29668.1
360772.19999999995,205.42,6.04,6.0,4.0,72391.49,32674.67
428463.60000000003,284.09,5.69,8.0,6.0,74360.18,32337.48
552820.8,261.73,5.83,8.0,5.0,91024.42,44381.27
378669.6,252.47,5.92,7.0,6.0,65342.81,44057.84
406382.69999999995,213.47,5.87,6.0,3.0,80051.85,35254.13
383214.30000000005,263.03,6.42,8.0,3.0,69835.56,19376.32
256346.40000000002,240.16,5.43,7.0,2.0,70552.56,31093.45
290413.5,239.22,5.99,7.0,3.0,75099.25,14744.05
230734.19999999998,253.08,5.22,7.0,3.0,49623.12,35090.89
370828.19999999995,218.07,6.53,6.0,4.0,72095.5,46379.12
223676.09999999998,208.48,7.1,6.0,4.0,60865.0,25334.78
283286.69999999995,247.59,3.78,7.0,6.0,62503.59,35167.57
385044.0,232.16,7.03,7.0,4.0,62130.62,40847.89
364482.6,249.75,5.36,7.0,6.0,68114.18,40035.65
341167.5,243.36,5.77,7.0,4.0,57944.66,45260.52
564322.5,280.91,6.92,8.0,3.0,74130.61,49958.58
480960.30000000005,297.01,6.54,9.0,5.0,67645.17,40734.06
388983.30000000005,252.94,6.08,7.0,6.0,63631.4,33108.12
462108.30000000005,257.08,5.27,7.0,6.0,75172.23,43047.12
314087.1,239.56,3.43,7.0,2.0,76230.12,40690.51
463701.60000000003,187.24,5.61,5.0,3.0,87307.05,46175.13
257380.5,204.37,6.28,6.0,2.0,61508.98,36962.81
389432.4,210.1,7.99,6.0,3.0,51187.42,48661.71
459905.10000000003,282.8,6.0,8.0,3.0,78394.71,34267.2
254052.30000000002,259.01,7.12,8.0,3.0,49409.67,27805.44
384059.69999999995,255.86,5.36,7.0,3.0,73031.28,37994.33
364300.5,231.53,6.39,7.0,3.0,70872.18,27501.0
361962.0,229.41,5.7,7.0,3.0,76714.65,31534.31
309415.5,246.86,4.43,7.0,4.0,59417.55,47119.04
514630.80000000005,249.1,8.45,7.0,6.0,75474.97,24034.63
367029.9,211.71,6.33,6.0,4.0,67814.42,35103.0
459254.39999999997,241.67,6.65,7.0,4.0,75706.68,30523.42
421330.80000000005,259.57,4.36,8.0,4.0,86939.84,40702.61
481183.19999999995,238.38,6.2,7.0,3.0,70825.7,46508.43
350375.4,205.66,5.92,6.0,4.0,64750.78,54048.34
314440.80000000005,268.94,5.76,8.0,4.0,54649.24,35497.43
468957.89999999997,200.23,4.76,6.0,4.0,88768.26,39144.95
453773.69999999995,233.61,5.65,7.0,2.0,79036.11,45828.22
489882.60000000003,266.51,6.31,8.0,4.0,71131.38,39414.33
305316.9,230.14,5.37,7.0,4.0,62175.02,31317.6
485948.69999999995,252.33,6.66,7.0,4.0,64725.07,46202.05
567016.8,258.42,7.4,8.0,5.0,77013.18,43432.88
570635.7,294.12,5.95,9.0,4.0,82337.6,41186.11
401474.39999999997,255.36,6.27,7.0,3.0,66778.1,35399.21
624560.7,293.78,6.16,9.0,3.0,94459.7,33515.83
260613.90000000002,219.44,5.54,6.0,2.0,61436.92,42032.61
181012.2,208.73,6.17,6.0,4.0,48507.31,36395.89
354801.0,293.8,6.79,9.0,3.0,56184.68,24328.41
467122.5,267.55,6.68,8.0,5.0,88273.21,19686.48
472374.60000000003,273.23,4.81,8.0,4.0,69650.59,48017.37
159184.2,234.26,5.0,7.0,4.0,55585.65,27042.63
500867.69999999995,290.14,6.41,9.0,5.0,75766.12,30776.53
357590.69999999995,287.31,5.86,8.0,6.0,62676.91,32487.41
252688.80000000002,212.8,5.16,6.0,2.0,68535.89,32770.83
333332.4,223.27,6.26,6.0,4.0,66786.97,33390.91
354097.80000000005,229.8,7.4,7.0,4.0,57979.0,35553.52
472790.10000000003,273.41,6.17,8.0,6.0,66435.5,59599.34
520797.60000000003,258.41,6.85,8.0,3.0,78406.54,37544.37
343413.30000000005,199.3,5.6,6.0,4.0,77287.17,35041.73
267360.30000000005,235.4,5.28,7.0,3.0,60285.95,34769.23
532659.3,310.62,6.75,9.0,4.0,65363.75,48714.69
498088.80000000005,207.24,6.42,6.0,4.0,88508.05,36001.26
318631.5,213.24,5.87,6.0,2.0,71328.91,26738.55
508015.5,249.5,6.71,7.0,4.0,80041.9,39026.49
506907.30000000005,260.54,6.9,8.0,6.0,81988.55,29277.35
301212.30000000005,273.71,5.21,8.0,6.0,65022.83,13328.76
234280.19999999998,239.66,4.9,7.0,2.0,48783.8,31038.37
282650.1,262.46,5.47,8.0,5.0,65071.03,27613.9
314947.19999999995,240.85,6.44,7.0,4.0,63266.19,32187.27
418452.30000000005,257.43,7.11,7.0,4.0,55532.02,46509.63
456342.30000000005,261.56,7.72,8.0,5.0,68735.44,27640.56
441128.10000000003,253.77,7.59,7.0,6.0,68056.3,31852.04
328221.0,288.55,5.64,9.0,5.0,54574.59,44489.93
629086.2,275.77,7.81,8.0,6.0,87640.4,39758.18
474285.60000000003,242.23,5.89,7.0,2.0,70087.57,53612.28
524946.0,271.92,6.16,8.0,4.0,86249.99,43154.84
619713.0,341.3,6.5,10.0,6.0,73211.14,44198.34
344511.6,215.18,5.87,6.0,2.0,71635.47,43555.46
411456.60000000003,256.68,5.3,7.0,4.0,72662.41,50672.93
544338.6000000001,279.39,6.92,8.0,5.0,77124.8,39465.16
391285.19999999995,207.4,6.3,6.0,2.0,80807.73,42405.92
181789.2,254.33,5.27,7.0,3.0,46662.77,25769.65
353997.6,222.06,5.67,6.0,2.0,81833.84,25889.75
356459.1,236.36,5.86,7.0,2.0,70271.1,28101.64
574221.8999999999,289.01,7.56,9.0,5.0,78981.1,24386.95
385920.30000000005,248.03,4.93,7.0,4.0,81011.04,31435.48
348369.9,217.86,6.8,6.0,3.0,73197.71,22829.49
504631.80000000005,207.77,8.35,6.0,3.0,65221.53,47157.21
343241.4,255.87,5.77,7.0,6.0,65745.73,33031.54
398610.30000000005,213.99,5.92,6.0,4.0,64368.88,42847.65
455195.10000000003,251.83,5.52,7.0,5.0,78803.12,34422.03
344569.19999999995,240.58,5.24,7.0,2.0,63838.34,41553.33
218934.59999999998,206.4,5.71,6.0,3.0,66461.47,26052.74
214894.80000000002,274.17,4.91,8.0,6.0,60930.19,26165.67
257723.69999999998,213.42,5.56,6.0,2.0,71784.47,30364.32
303443.4,225.12,6.38,6.0,2.0,62017.4,38177.82
281451.30000000005,242.99,5.51,7.0,5.0,60907.69,34661.56
353994.9,223.38,5.65,6.0,2.0,64035.51,47334.62
332120.4,237.86,5.56,7.0,3.0,62342.35,42311.92
334487.4,221.69,5.98,6.0,4.0,69874.81,27987.42
461193.30000000005,245.68,6.76,7.0,5.0,65428.55,39070.49
490545.30000000005,270.66,5.51,8.0,5.0,77118.33,31197.77
323098.80000000005,252.91,5.68,7.0,4.0,70604.49,26529.7
267266.4,213.23,5.6,6.0,3.0,75104.55,17461.44
310042.80000000005,220.19,6.09,6.0,4.0,68694.51,40842.09
543888.0,281.14,4.27,8.0,3.0,77898.51,59563.16
470529.89999999997,253.5,5.67,7.0,3.0,72261.2,42681.82
255751.5,231.33,5.47,7.0,3.0,60625.06,33411.74
463922.69999999995,269.39,7.26,8.0,4.0,79574.72,24884.7
498477.89999999997,289.8,6.71,9.0,3.0,67187.99,50485.19
525778.5,227.07,6.25,6.0,4.0,82998.35,35153.59
390932.1,259.91,6.28,8.0,5.0,76749.35,21136.2
386370.9,282.17,5.56,8.0,6.0,65025.42,30028.16
501285.0,267.21,6.8,8.0,6.0,67395.33,54687.82
338249.69999999995,209.36,5.64,6.0,4.0,75885.49,30067.48
393417.0,221.14,6.18,6.0,2.0,72317.81,43911.48
301329.0,239.46,4.9,7.0,4.0,78069.22,23560.52
380024.4,281.32,7.09,8.0,4.0,46621.54,51321.09
214084.80000000002,211.14,5.17,6.0,2.0,53594.9,42653.86
244371.90000000002,201.71,5.58,6.0,3.0,54703.75,47490.69
346740.30000000005,258.93,5.74,8.0,4.0,55430.92,40789.59
383334.30000000005,230.61,7.34,7.0,3.0,62519.35,36889.4
454822.5,210.46,5.58,6.0,2.0,69551.51,56625.37
263174.1,259.76,4.75,8.0,3.0,62726.42,39475.82
395150.39999999997,198.4,5.56,6.0,2.0,83622.07,36637.08
564053.7,246.02,7.28,7.0,6.0,76170.96,52111.97
411151.80000000005,244.22,7.08,7.0,3.0,55497.01,47167.2
323634.0,184.77,5.61,5.0,3.0,54600.19,64180.37
486522.89999999997,222.36,8.7,6.0,3.0,70842.0,37145.63
405462.30000000005,276.74,5.87,8.0,4.0,71434.93,27324.5
215304.59999999998,269.13,5.64,8.0,4.0,46890.59,26406.01
274297.5,214.79,5.33,6.0,2.0,66894.12,28630.36
322289.1,171.68,6.52,5.0,3.0,64547.65,37084.67
359885.69999999995,261.61,4.71,8.0,6.0,75049.04,28062.0
435821.10000000003,219.69,6.03,6.0,2.0,82903.97,44146.22
413301.30000000005,215.68,6.16,6.0,2.0,79767.62,46430.88
442313.69999999995,206.37,7.38,6.0,3.0,66126.81,41997.45
409086.89999999997,257.8,7.48,7.0,4.0,59306.93,34886.25
267440.4,248.28,6.25,7.0,6.0,51796.13,31178.44
426314.39999999997,262.38,5.42,8.0,6.0,68636.51,43708.89
300252.6,306.46,5.23,9.0,5.0,56228.74,36567.18
411393.60000000003,224.35,6.78,6.0,4.0,74855.46,32549.68
471754.19999999995,248.17,5.48,7.0,3.0,81136.41,37050.13
287672.69999999995,200.58,6.34,6.0,2.0,66616.19,39347.57
273726.6,229.84,6.81,7.0,2.0,61437.78,24682.29
363007.80000000005,260.79,5.98,8.0,5.0,64910.39,41942.18
373164.0,244.59,6.71,7.0,4.0,56851.08,37438.94
414335.39999999997,245.11,7.59,7.0,4.0,66629.25,37261.32
368097.9,263.94,6.22,8.0,5.0,65417.89,39446.67
378765.9,195.83,6.4,5.0,3.0,79510.05,32647.78
232402.19999999998,224.32,5.5,6.0,3.0,46885.25,38898.18
388783.80000000005,210.45,6.02,6.0,4.0,80088.88,34402.75
211312.80000000002,267.39,5.26,8.0,4.0,57311.55,21976.65
391563.0,216.62,6.62,6.0,4.0,69048.79,36817.37
372114.0,232.91,8.29,7.0,2.0,54457.13,38438.76
378684.30000000005,241.0,6.4,7.0,2.0,69431.96,27408.37
147572.40000000002,182.31,4.59,5.0,3.0,64536.01,33346.4
267144.6,208.23,4.55,6.0,2.0,69460.28,40084.21
568608.3,292.03,7.26,9.0,4.0,58624.13,56547.8
412903.80000000005,272.79,6.57,8.0,4.0,73560.66,26471.26
478932.0,228.71,5.43,7.0,3.0,92360.15,55728.98
461242.80000000005,256.88,6.41,7.0,4.0,68279.74,47830.63
381117.0,229.52,6.2,7.0,3.0,71967.93,40288.73
281648.4,231.96,6.6,7.0,4.0,58687.1,29395.6
383144.69999999995,248.37,6.0,7.0,5.0,64799.86,39602.16
219673.19999999998,270.3,3.57,8.0,5.0,70553.92,22179.64
332461.5,211.39,6.4,6.0,4.0,65606.36,37975.78
378631.5,257.52,6.4,7.0,5.0,59110.58,37977.76
227382.90000000002,209.77,6.43,6.0,3.0,49783.92,38680.45
406462.5,228.94,8.11,7.0,3.0,51536.21,44872.91
298743.9,259.7,5.15,8.0,4.0,72102.19,18819.29
183881.7,178.44,5.83,5.0,4.0,50570.86,40580.09
456523.80000000005,225.05,7.58,6.0,3.0,76156.47,34493.8
375807.6,214.91,5.19,6.0,3.0,79263.55,36164.66
289180.19999999995,226.95,6.16,6.0,2.0,48460.46,38652.21
186954.3,242.49,5.11,7.0,4.0,57316.04,26121.14
408561.60000000003,296.54,6.26,9.0,4.0,59060.7,42956.54
247891.80000000002,260.08,4.09,8.0,5.0,57535.89,31668.25
331234.80000000005,221.19,4.47,6.0,3.0,76547.04,46840.44
516739.19999999995,235.45,8.24,7.0,3.0,83648.23,21137.03
316001.69999999995,203.31,5.15,6.0,3.0,67785.93,39757.59
280184.69999999995,227.15,6.01,6.0,4.0,75479.77,18537.43
472647.60000000003,247.39,8.15,7.0,4.0,48879.26,63620.01
463471.80000000005,264.62,7.13,8.0,3.0,70130.41,34088.18
239422.19999999998,225.32,6.39,6.0,4.0,65935.58,15217.77
298232.4,235.03,5.05,7.0,4.0,69340.56,30726.38
250902.0,255.64,5.2,7.0,5.0,48692.28,40082.44
400851.60000000003,228.64,5.62,7.0,2.0,73092.74,43509.46
177666.90000000002,219.61,5.55,6.0,2.0,59911.05,30865.02
230013.0,239.9,5.22,7.0,2.0,53052.07,25753.34
546131.7,285.67,6.5,8.0,3.0,74900.49,42182.07
355806.0,242.53,5.94,7.0,2.0,73980.25,26155.69
390799.19999999995,217.09,6.7,6.0,4.0,73497.31,39897.63
359120.69999999995,251.53,5.69,7.0,6.0,57852.03,42688.46
361763.69999999995,194.25,7.07,5.0,3.0,72029.31,42143.26
453405.60000000003,284.02,5.81,8.0,4.0,70696.02,39616.98
285534.30000000005,246.47,3.83,7.0,6.0,83335.14,22786.03
298469.1,215.86,4.98,6.0,2.0,66765.45,38064.18
375816.9,216.88,6.29,6.0,3.0,63440.28,40750.33
314592.0,246.56,5.5,7.0,6.0,56636.24,47541.43
488715.0,236.73,6.02,7.0,3.0,89088.61,37044.86
191809.8,205.57,5.83,6.0,2.0,55733.29,25676.39
316779.0,256.85,5.66,7.0,6.0,71418.38,22571.24
239762.40000000002,241.55,4.49,7.0,4.0,58651.71,30367.88
397188.0,249.58,7.51,7.0,6.0,67732.54,21029.4
255777.0,232.26,5.72,7.0,2.0,45103.82,43067.01
419943.89999999997,330.69,5.0,10.0,6.0,71833.18,31750.22
361806.0,217.53,6.9,6.0,4.0,64295.71,39346.69
366773.1,282.01,5.53,8.0,5.0,67855.25,34836.6
355338.6,258.45,7.81,8.0,6.0,60827.93,20756.43
156791.7,235.04,4.07,7.0,3.0,68060.44,19270.93
486594.60000000003,261.42,5.8,8.0,4.0,74698.02,46999.32
425493.0,248.57,6.26,7.0,3.0,78337.67,21611.79
553905.0,226.72,5.52,6.0,3.0,87934.16,54310.02
424605.0,233.96,5.54,7.0,2.0,75557.97,41866.36
518868.0,322.91,6.31,10.0,4.0,74172.93,35277.8
397545.0,242.88,7.31,7.0,2.0,69360.14,26863.68
141002.40000000002,208.63,4.95,6.0,3.0,59314.79,21881.93
491178.60000000003,236.72,6.76,7.0,4.0,73854.65,44103.16
380440.5,227.42,6.47,6.0,3.0,74960.77,35918.89
295198.19999999995,202.12,5.66,6.0,4.0,61471.41,43091.81
369533.69999999995,244.67,7.03,7.0,5.0,48461.64,43341.77
457237.19999999995,171.55,8.34,5.0,4.0,67128.93,48165.64
557748.3,260.18,5.03,8.0,5.0,97881.59,37152.8
289540.80000000005,201.96,5.8,6.0,3.0,70618.27,41291.72
446271.60000000003,204.93,5.64,6.0,3.0,87035.32,42267.02
479958.0,278.93,7.03,8.0,4.0,63938.66,42652.52
423527.10000000003,275.53,6.6,8.0,3.0,73054.55,31726.89
362833.5,262.75,5.88,8.0,3.0,48629.25,53564.16
360615.30000000005,251.08,5.31,7.0,3.0,61641.15,48898.42
535217.3999999999,240.2,7.53,7.0,4.0,84558.75,26857.08
377899.80000000005,259.12,5.43,8.0,5.0,73531.6,32651.81
522876.89999999997,273.12,5.41,8.0,6.0,83736.22,38251.59
361875.30000000005,246.9,6.82,7.0,5.0,72079.18,20170.09
304353.9,235.38,7.73,7.0,2.0,49346.25,35863.47
350896.19999999995,274.38,5.5,8.0,3.0,71946.51,35094.19
168511.2,221.04,5.52,6.0,2.0,59453.32,26601.92
513171.0,218.96,5.6,6.0,3.0,84771.05,53950.06
429603.89999999997,226.97,7.31,6.0,2.0,62135.39,37575.24
264433.19999999995,209.3,4.75,6.0,2.0,66933.17,41834.04
203888.40000000002,208.2,5.0,6.0,2.0,72951.26,24998.97
349572.0,203.36,8.04,6.0,2.0,64290.23,33405.46
657101.7,297.26,6.38,9.0,3.0,91046.04,37086.62
566258.7,273.06,6.88,8.0,6.0,74764.54,41102.07
389064.6,242.15,6.57,7.0,2.0,67770.04,43254.29
252383.09999999998,235.9,5.07,7.0,4.0,55401.93,41185.76
333344.69999999995,258.92,6.82,8.0,5.0,61802.54,34558.83
613708.2,253.86,8.52,7.0,5.0,79752.98,42127.95
399057.60000000003,234.83,6.41,7.0,4.0,63086.58,41735.64
461097.89999999997,270.49,6.12,8.0,3.0,73864.87,34509.46
228639.0,230.54,5.57,7.0,3.0,58083.43,30541.78
220785.59999999998,251.58,5.39,7.0,5.0,48855.35,36994.28
281847.30000000005,207.86,7.03,6.0,4.0,63555.72,25154.96
415732.80000000005,269.0,5.54,8.0,6.0,64595.73,48444.19
363055.19999999995,233.51,5.36,7.0,3.0,70716.55,49098.7
195897.3,204.88,5.38,6.0,4.0,55516.66,40537.1
253408.80000000002,191.14,5.49,5.0,4.0,56143.36,46896.63
355723.19999999995,237.3,6.3,7.0,4.0,64076.91,48697.73
306813.0,252.35,5.32,7.0,6.0,64144.07,33561.71
491589.60000000003,290.82,7.04,9.0,3.0,58387.21,40569.55
225585.90000000002,220.43,4.79,6.0,2.0,62092.69,44095.06
531311.1000000001,220.78,6.27,6.0,4.0,90882.85,41950.48
221708.40000000002,234.14,5.8,7.0,3.0,62731.89,22165.26
629093.3999999999,285.42,8.02,8.0,3.0,88691.13,29837.28
571098.3,264.12,6.02,8.0,5.0,79807.71,45333.76
564635.7,263.62,6.46,8.0,5.0,79631.59,50954.0
444266.69999999995,193.55,6.16,5.0,4.0,84448.27,38602.9
391436.69999999995,223.93,5.46,6.0,4.0,79072.54,34897.87
422187.60000000003,254.92,7.81,7.0,6.0,56879.82,55439.32
253060.80000000002,187.51,7.08,5.0,4.0,66889.1,20501.01
228927.90000000002,256.89,4.49,7.0,4.0,61724.74,20743.09
222963.59999999998,174.34,5.87,5.0,4.0,67094.11,27883.68
356134.19999999995,211.81,6.14,6.0,4.0,71114.02,37714.17
350226.6,216.41,5.89,6.0,3.0,65152.58,47984.61
348157.80000000005,257.47,6.29,7.0,4.0,60513.83,31406.78
188295.0,233.18,5.01,7.0,2.0,52138.03,32689.85
398940.0,224.45,4.71,6.0,2.0,82013.65,42211.42
338939.4,260.45,5.38,8.0,6.0,67331.1,40755.47
286707.0,301.03,6.55,9.0,3.0,53599.8,28163.14
222793.5,260.4,4.93,8.0,5.0,59609.27,37432.69
147101.7,226.37,4.84,6.0,4.0,66989.5,6821.95
526481.3999999999,203.71,6.47,6.0,3.0,102881.12,21051.53
253767.0,226.38,4.21,6.0,4.0,82060.53,23403.63
284905.19999999995,249.35,6.54,7.0,4.0,57568.22,34385.41
399904.5,275.26,6.24,8.0,3.0,72119.16,45542.68
295535.4,246.83,5.8,7.0,4.0,56716.36,37250.87
349900.80000000005,284.2,6.41,8.0,5.0,61822.47,19413.58
344305.5,236.93,5.07,7.0,3.0,71155.14,41453.79
437950.5,230.05,6.07,7.0,4.0,84123.99,33946.37
438896.69999999995,184.06,6.89,5.0,3.0,80321.43,34229.57
416578.80000000005,254.41,4.65,7.0,4.0,76416.91,49032.67
177059.7,177.73,7.15,5.0,4.0,54440.89,20980.73
376941.0,295.02,4.85,9.0,6.0,71410.11,32504.31
448617.0,204.56,6.7,6.0,3.0,75720.44,45343.46
176805.59999999998,266.2,4.5,8.0,4.0,48406.78,43535.93
381150.9,250.7,4.37,7.0,6.0,76629.18,35441.49
329375.4,218.12,6.97,6.0,2.0,63277.43,31713.15
422982.89999999997,262.53,7.13,8.0,6.0,53969.93,43351.59
435185.69999999995,247.16,6.06,7.0,4.0,69582.54,51250.16
410601.0,248.41,5.1,7.0,6.0,74270.59,42021.23
338874.9,251.95,6.17,7.0,6.0,71922.84,21016.06
538633.8,243.02,7.32,7.0,6.0,78791.55,43264.08
333994.5,199.74,5.81,6.0,3.0,71529.48,36200.37
404466.60000000003,292.9,6.26,9.0,3.0,74208.12,25507.34
340237.80000000005,223.64,5.55,6.0,2.0,63889.41,34442.1
199580.09999999998,206.46,3.46,6.0,4.0,72922.51,23533.52
359322.30000000005,276.09,6.07,8.0,4.0,61958.14,39953.17
187806.0,220.61,5.6,6.0,3.0,58161.04,29453.23
493752.89999999997,305.76,6.02,9.0,5.0,66878.86,42624.94
406492.19999999995,270.38,7.18,8.0,6.0,48379.77,50710.9
117284.40000000001,220.15,4.85,6.0,4.0,50337.07,32299.06
367932.30000000005,213.52,6.18,6.0,4.0,80016.77,32262.55
531111.6000000001,226.56,6.57,6.0,2.0,80694.13,46249.63
457561.80000000005,246.02,5.26,7.0,6.0,87255.0,37348.29
356628.30000000005,234.98,6.95,7.0,3.0,65480.26,34582.97
455307.89999999997,281.54,5.89,8.0,3.0,73968.97,36026.41
408996.0,263.7,6.5,8.0,3.0,62384.57,48419.83
522201.60000000003,241.13,8.4,7.0,4.0,80327.29,32188.19
451688.39999999997,245.98,5.4,7.0,5.0,59920.17,62389.88
321874.5,232.55,5.63,7.0,4.0,71798.4,30877.87
362079.6,233.89,6.9,7.0,2.0,68906.61,20741.41
327843.0,229.97,6.85,7.0,4.0,49623.97,48252.0
421386.60000000003,255.23,5.92,7.0,4.0,71778.03,37634.04
445105.80000000005,243.43,6.99,7.0,5.0,69609.59,32735.67
434154.60000000003,274.23,6.86,8.0,4.0,64950.62,29343.41
451995.30000000005,278.07,4.76,8.0,3.0,73260.02,53577.59
351050.69999999995,265.53,6.51,8.0,6.0,60576.76,27656.56
122315.70000000001,232.21,3.82,7.0,3.0,65866.45,19069.97
403356.89999999997,259.3,5.7,8.0,5.0,73598.06,34258.45
505366.5,262.38,6.08,8.0,3.0,73380.59,45900.78
220230.30000000002,187.99,6.46,5.0,2.0,65641.81,19734.77
225885.30000000002,232.88,5.43,7.0,2.0,50756.17,40714.4
363333.0,264.4,5.57,8.0,3.0,49392.19,53765.78
299773.5,222.15,6.54,6.0,2.0,61426.06,24517.97
243857.40000000002,234.01,4.91,7.0,3.0,68335.73,31341.62
388504.5,245.4,5.27,7.0,5.0,79632.26,38074.14
217498.19999999998,217.2,5.56,6.0,3.0,60135.72,24667.89
337841.4,239.63,5.21,7.0,2.0,64376.91,43013.41
422565.0,201.5,7.28,6.0,2.0,72117.83,39488.46
457232.10000000003,223.7,5.65,6.0,3.0,88661.65,37332.22
247159.19999999998,155.53,6.98,4.0,4.0,67977.38,24246.03
456458.10000000003,237.94,6.34,7.0,3.0,83728.71,35186.86
328208.1,247.5,6.9,7.0,3.0,42463.12,58412.44
377757.30000000005,219.92,8.41,6.0,4.0,59615.33,32164.06
301151.4,209.11,5.56,6.0,2.0,74415.88,27385.67
361541.4,249.65,6.71,7.0,4.0,60758.19,26972.85
421518.0,231.52,5.84,7.0,2.0,76637.58,36236.51
423379.80000000005,243.43,5.96,7.0,4.0,69906.32,45733.69
538264.2,265.59,7.62,8.0,4.0,86734.27,19899.24
297268.19999999995,231.33,5.62,7.0,4.0,73518.68,36147.83
306702.9,216.24,5.43,6.0,2.0,76291.51,29855.91
548046.6000000001,253.73,5.17,7.0,6.0,96216.95,42296.42
212413.80000000002,201.05,5.12,6.0,3.0,61685.76,36059.6
225225.90000000002,217.64,6.33,6.0,4.0,56764.11,30910.68
433719.60000000003,302.47,7.06,9.0,5.0,61436.77,25886.67
298734.9,246.72,5.0,7.0,5.0,81489.82,10504.33
357487.5,242.05,5.11,7.0,3.0,71499.37,29684.39
605073.3,295.9,7.1,9.0,4.0,87454.93,32313.02
317351.4,218.08,7.38,6.0,2.0,48641.02,52055.24
107175.29999999999,193.86,5.06,5.0,3.0,58197.8,16253.24
332092.80000000005,200.54,5.74,6.0,4.0,71420.78,32968.86
379985.1,271.81,5.23,8.0,5.0,73047.25,37643.08
241630.19999999998,225.92,5.58,6.0,4.0,64618.04,18868.68
255490.19999999998,248.54,3.93,7.0,3.0,59832.39,36930.84
423629.10000000003,240.32,4.97,7.0,4.0,76023.75,44323.62
401890.80000000005,243.68,7.63,7.0,6.0,62707.65,29893.55
192445.2,275.08,5.02,8.0,6.0,51846.28,24284.88
332899.80000000005,204.72,5.56,6.0,3.0,69201.44,42573.58
500738.10000000003,307.61,7.23,9.0,3.0,66642.82,32035.32
536648.7,213.0,7.41,6.0,3.0,81376.1,40151.93
405628.80000000005,268.12,6.79,8.0,5.0,49927.72,56983.08
410705.10000000003,265.34,4.92,8.0,6.0,73732.21,36734.74
145660.2,203.03,5.56,6.0,3.0,64713.6,13385.42
421210.80000000005,261.63,7.47,8.0,6.0,69206.55,27666.4
479145.89999999997,222.37,6.85,6.0,3.0,77779.24,46402.25
520602.0,231.4,7.25,7.0,3.0,80370.12,32517.04
350750.1,245.87,8.31,7.0,5.0,63168.32,20988.91
342633.9,205.25,4.54,6.0,3.0,78166.41,41570.86
410432.10000000003,244.93,6.0,7.0,4.0,73380.64,32383.68
308595.30000000005,227.05,5.72,6.0,2.0,68970.36,41807.83
410607.60000000003,203.46,7.27,6.0,3.0,73068.52,42929.88
429416.10000000003,234.07,5.89,7.0,3.0,84690.17,34859.25
318362.69999999995,270.24,4.64,8.0,3.0,58040.0,36479.28
396834.89999999997,245.98,6.27,7.0,4.0,66214.17,47831.69
514896.89999999997,272.57,6.66,8.0,3.0,75100.69,50729.64
139650.0,241.6,5.11,7.0,2.0,49736.14,24032.25
295885.5,238.17,5.98,7.0,3.0,66068.33,28057.49
424871.69999999995,268.74,6.46,8.0,6.0,65692.62,39934.52
436597.80000000005,236.24,6.2,7.0,4.0,81443.14,35592.87
459020.39999999997,243.25,6.05,7.0,3.0,78539.24,43061.19
351786.0,229.83,5.7,7.0,2.0,70299.02,33147.37
352286.69999999995,241.34,7.62,7.0,4.0,64617.44,27995.22
402845.69999999995,198.65,7.88,6.0,3.0,65966.02,42710.82
415095.60000000003,197.88,5.58,5.0,3.0,80373.06,36651.06
359928.0,235.27,6.76,7.0,4.0,72252.6,23558.53
211602.90000000002,235.88,5.34,7.0,2.0,60909.19,25405.78
432221.39999999997,283.15,4.75,8.0,5.0,67652.62,44353.45
270255.30000000005,237.93,6.72,7.0,2.0,44868.5,43154.61
605152.5,257.02,7.09,7.0,6.0,81925.8,36973.6
285373.19999999995,242.5,5.52,7.0,3.0,70029.51,23649.76
366683.1,243.58,5.38,7.0,6.0,73302.44,43445.44
324187.19999999995,272.84,4.61,8.0,3.0,49705.82,58759.71
228662.69999999998,211.45,6.53,6.0,4.0,58494.4,29985.43
187797.0,241.57,5.48,7.0,4.0,44998.64,37553.86
609273.3,224.83,6.46,6.0,2.0,87471.0,58076.97
438862.80000000005,208.9,6.83,6.0,4.0,69949.69,44521.07
491352.30000000005,268.32,6.68,8.0,3.0,78105.67,40877.23
313857.30000000005,219.58,6.04,6.0,4.0,80649.16,18776.46
458784.60000000003,231.38,5.76,7.0,4.0,81898.64,31764.28
477538.19999999995,272.65,5.62,8.0,4.0,73521.91,38383.51
544776.0,254.53,5.92,7.0,6.0,95603.93,36505.44
308228.4,249.26,6.09,7.0,3.0,67097.09,27191.51
462338.10000000003,238.54,7.28,7.0,2.0,74530.35,34316.22
309594.30000000005,236.33,6.37,7.0,3.0,61972.71,28465.88
348437.4,235.73,5.03,7.0,2.0,77449.32,30054.79
395112.30000000005,281.72,3.99,8.0,5.0,69462.15,46158.75
272403.9,184.09,4.4,5.0,2.0,68305.75,49180.74
436666.5,307.68,5.48,9.0,3.0,77354.39,32342.98
468261.0,245.36,4.9,7.0,3.0,84172.63,47937.31
425114.39999999997,262.46,6.14,8.0,4.0,66496.73,31227.03
393496.19999999995,217.86,6.15,6.0,3.0,81638.91,27014.59
382649.1,231.31,5.81,7.0,4.0,72614.16,22995.41
503504.39999999997,296.2,6.5,9.0,3.0,71786.93,50678.78
419840.10000000003,230.97,5.04,7.0,3.0,74598.43,44568.67
372633.30000000005,216.52,7.15,6.0,3.0,60017.27,40413.99
559810.5,274.78,6.23,8.0,5.0,89518.84,30158.3
123617.09999999999,231.34,4.07,7.0,3.0,48829.17,32451.07
163296.3,255.78,5.15,7.0,3.0,45353.13,33340.29
450998.10000000003,249.0,6.23,7.0,6.0,78929.78,39667.86
528577.2,269.27,7.5,8.0,4.0,67706.82,42391.02
381162.9,249.44,5.29,7.0,6.0,73021.65,37090.98
251923.80000000002,271.6,5.34,8.0,5.0,64358.98,22734.4
314083.19999999995,230.42,5.26,7.0,4.0,68907.01,39014.44
418872.30000000005,242.64,5.96,7.0,3.0,69611.09,43804.17
478932.0,205.0,6.1,6.0,2.0,71443.22,57715.8
387235.19999999995,277.46,5.85,8.0,5.0,72515.92,28698.11
309005.1,255.31,6.81,7.0,6.0,49618.59,47311.33
227571.30000000002,255.66,5.5,7.0,5.0,64544.02,28596.11
584596.5,276.6,8.64,8.0,3.0,65074.48,44550.7
473442.30000000005,250.32,5.13,7.0,5.0,76545.79,50480.96
414106.19999999995,251.78,5.12,7.0,5.0,68720.77,45764.73
223798.80000000002,209.93,4.03,6.0,2.0,59640.69,49671.14
369739.80000000005,269.67,5.64,8.0,4.0,64332.23,36649.85
569741.1000000001,273.67,6.0,8.0,3.0,82846.49,42652.46
325219.19999999995,250.39,6.76,7.0,5.0,65901.03,20428.85
413382.0,220.37,6.2,6.0,2.0,73195.45,39905.83
281197.80000000005,271.81,5.1,8.0,5.0,68816.87,18444.03
366039.9,272.58,5.32,8.0,6.0,76153.3,32925.35
375725.1,247.43,5.1,7.0,4.0,68006.71,43749.66
251835.90000000002,221.88,6.96,6.0,2.0,59442.46,21242.7
401241.60000000003,270.67,6.47,8.0,5.0,64794.18,43961.5
443788.80000000005,289.33,5.51,9.0,4.0,81442.15,34050.13
592661.3999999999,267.35,6.08,8.0,5.0,85743.79,38564.0
343991.4,247.07,5.87,7.0,4.0,56825.81,47607.99
548730.6000000001,240.72,8.58,7.0,2.0,77286.54,32405.63
333279.6,285.03,5.27,8.0,3.0,64400.27,26605.38
418169.10000000003,244.77,6.62,7.0,3.0,65903.25,45208.39
173150.40000000002,272.46,5.71,8.0,5.0,53178.54,28706.99
436450.5,280.6,7.01,8.0,6.0,62106.31,34671.68
396522.89999999997,209.32,5.71,6.0,3.0,60861.19,53548.08
434948.69999999995,249.5,6.81,7.0,4.0,74372.29,52209.45
384461.1,276.17,5.83,8.0,5.0,74730.0,20696.45
333385.19999999995,221.31,5.85,6.0,3.0,67669.47,31751.89
340904.4,263.59,5.4,8.0,4.0,70021.88,26767.53
184516.8,273.21,5.57,8.0,4.0,45557.52,35043.0
408671.69999999995,187.84,7.88,5.0,2.0,66592.69,37634.5
425693.39999999997,248.06,6.38,7.0,4.0,74176.63,37195.22
295601.69999999995,218.09,5.54,6.0,2.0,68444.72,32850.76
314594.1,251.65,4.74,7.0,5.0,66585.71,36337.99
308604.9,258.42,4.54,8.0,6.0,71393.1,42077.48
205277.09999999998,231.05,6.27,7.0,3.0,57688.27,19900.0
553597.5,308.14,5.85,9.0,5.0,83623.4,42329.33
386335.19999999995,230.84,5.25,7.0,4.0,78511.8,38180.37
336125.69999999995,255.06,5.64,7.0,6.0,54927.09,46469.89
306961.5,238.16,6.98,7.0,2.0,61098.27,27467.28
562324.5,297.27,6.2,9.0,6.0,75171.71,40621.12
201107.09999999998,204.55,5.42,6.0,2.0,53330.65,32317.23
301221.30000000005,244.91,6.41,7.0,4.0,55178.83,31270.19
265614.0,204.77,4.17,6.0,2.0,72083.34,36471.46
333408.0,283.29,5.12,8.0,4.0,57847.32,40208.77
467182.80000000005,282.55,5.76,8.0,6.0,82732.49,30486.02
409449.60000000003,233.93,7.1,7.0,3.0,58308.67,37999.88
453197.69999999995,225.25,7.99,6.0,2.0,73030.84,28426.02
475295.39999999997,226.29,6.32,6.0,4.0,83307.3,37963.34
114906.29999999999,192.7,3.75,5.0,3.0,48092.0,42693.32
308628.0,199.11,6.24,6.0,4.0,64336.18,43218.18
431237.39999999997,246.63,7.83,7.0,4.0,63672.1,31778.62
307710.6,257.04,5.32,7.0,4.0,63371.01,29646.05
271099.5,242.38,6.66,7.0,2.0,55795.38,26448.03
345357.0,219.77,5.38,6.0,4.0,61983.8,49837.58
361712.1,206.97,6.11,6.0,4.0,69430.49,42969.33
397313.39999999997,243.74,5.7,7.0,3.0,73932.38,34197.29
200455.19999999998,261.83,5.68,8.0,3.0,48283.36,15781.57
366723.6,284.81,5.15,8.0,3.0,66925.2,42590.69
312228.9,247.54,5.98,7.0,4.0,58806.41,32721.24
492925.80000000005,251.06,6.6,7.0,4.0,70839.35,43347.17
265960.80000000005,242.1,5.2,7.0,3.0,57136.46,26915.15
172906.8,186.74,5.45,5.0,2.0,45862.13,40339.04
303763.5,163.87,5.92,4.0,3.0,70268.4,39143.57
358378.5,200.09,4.72,6.0,2.0,74030.62,46784.73
507692.69999999995,207.52,7.66,6.0,2.0,72324.62,46351.47
462523.80000000005,243.67,5.91,7.0,5.0,70489.29,48796.54
128071.79999999999,244.99,5.4,7.0,3.0,45530.77,31000.3
252833.40000000002,273.43,5.17,8.0,6.0,50768.4,32501.3
472358.10000000003,272.19,7.92,8.0,5.0,55593.08,42067.69
610064.1000000001,223.32,6.24,6.0,3.0,89030.56,61402.31
446560.5,201.52,6.73,6.0,4.0,77984.28,41723.24
357469.19999999995,206.07,6.77,6.0,3.0,69084.55,39229.58
278303.1,197.98,5.01,6.0,2.0,60865.56,50842.61
446900.39999999997,255.88,6.53,7.0,4.0,78255.84,25101.35
279147.9,192.96,4.64,5.0,2.0,66347.04,44644.25
536999.7,253.35,7.64,7.0,5.0,67839.53,61073.28
512589.30000000005,310.98,7.39,9.0,4.0,58694.52,49960.98
433979.10000000003,264.85,6.84,8.0,6.0,69876.4,27379.9
361264.19999999995,241.48,5.77,7.0,2.0,67079.98,33434.1
326650.19999999995,218.0,5.24,6.0,4.0,71920.07,29505.84
209766.90000000002,202.77,5.45,6.0,4.0,72490.81,17981.45
361534.19999999995,240.62,5.76,7.0,3.0,65354.14,33946.94
528588.3,273.71,6.79,8.0,3.0,76493.32,41848.37
385943.1,232.89,7.41,7.0,3.0,50502.09,37593.86
244817.40000000002,222.24,5.47,6.0,3.0,57942.29,33388.08
262426.5,234.34,5.69,7.0,3.0,60935.56,26703.92
316382.1,240.47,7.55,7.0,3.0,43192.11,34134.02
514279.80000000005,240.61,6.77,7.0,4.0,66631.11,61361.73
480458.10000000003,253.31,6.38,7.0,4.0,68696.35,41856.72
127830.0,249.04,4.87,7.0,4.0,51026.02,23853.5
436409.69999999995,241.12,5.76,7.0,3.0,88054.31,22289.73
94250.4,171.17,5.58,5.0,2.0,50362.54,23611.06
280082.69999999995,237.16,6.29,7.0,2.0,66320.99,16803.48
406090.5,205.45,5.98,6.0,3.0,76926.14,45836.02
476207.39999999997,258.02,5.98,8.0,5.0,74905.35,41190.75
437301.89999999997,231.86,7.24,7.0,3.0,76149.69,31566.96
379778.1,245.76,6.35,7.0,6.0,65643.86,48882.49
468771.89999999997,247.47,5.95,7.0,6.0,74910.4,39407.69
412844.10000000003,250.14,7.1,7.0,4.0,50241.37,53804.92
229440.0,232.49,5.72,7.0,3.0,55159.12,27911.73
362096.1,243.67,7.0,7.0,3.0,64298.65,35999.98
194767.2,179.65,6.34,5.0,2.0,56348.35,23476.97
630673.2,235.08,6.89,7.0,4.0,97669.06,43203.27
428985.60000000003,253.89,6.84,7.0,4.0,69970.32,33649.37
249768.0,231.55,5.53,7.0,2.0,63402.77,32620.84
401791.19999999995,244.45,7.08,7.0,5.0,69091.41,32707.83
173913.0,211.74,3.49,6.0,4.0,57877.0,36800.46
298716.6,157.32,4.91,4.0,4.0,65718.3,54798.51
223657.19999999998,227.29,5.5,6.0,2.0,61601.58,17410.39
301341.6,274.67,5.74,8.0,6.0,65864.97,18092.4
393429.60000000003,333.63,6.27,10.0,3.0,53230.12,27360.81
374081.1,196.83,6.6,5.0,3.0,85683.86,26428.91
402435.0,229.69,5.74,7.0,4.0,78792.36,29578.22
306101.1,254.87,4.59,7.0,4.0,63830.17,29862.96
396269.10000000003,233.7,7.06,7.0,4.0,59930.16,44095.46
433041.0,236.96,5.56,7.0,4.0,80898.97,37530.43
265204.5,274.46,6.29,8.0,3.0,47904.69,33853.92
406667.10000000003,314.54,4.75,9.0,6.0,71069.0,35724.02
252417.59999999998,185.03,5.81,5.0,4.0,67622.22,35359.85
185899.2,202.99,5.1,6.0,2.0,60437.72,30461.7
434094.89999999997,252.35,6.22,7.0,6.0,77628.22,26257.12
472704.0,217.45,6.85,6.0,4.0,90244.76,17771.38
405492.0,271.83,4.18,8.0,5.0,74439.57,44079.39
463140.60000000003,274.88,6.21,8.0,4.0,80819.29,34535.99
330371.69999999995,237.5,5.15,7.0,4.0,73003.5,23500.01
310254.30000000005,257.12,5.0,7.0,3.0,66964.38,36043.92
341808.0,254.11,4.95,7.0,5.0,73617.16,29735.36
334905.6,254.31,4.98,7.0,6.0,68751.08,25504.96
457803.89999999997,226.52,5.79,6.0,3.0,78693.84,44210.16
306029.4,227.52,6.57,6.0,2.0,64317.65,22295.72
485121.60000000003,273.68,6.99,8.0,6.0,71939.37,40053.88
470244.60000000003,258.78,6.45,8.0,5.0,71868.45,42187.81
340281.9,192.22,4.27,5.0,4.0,84855.84,43119.7
430440.89999999997,267.17,4.83,8.0,4.0,72969.67,40262.83
370451.1,296.33,4.53,9.0,5.0,68599.04,44339.96
259015.80000000002,228.46,3.23,7.0,2.0,64644.9,45329.51
373923.0,213.99,6.24,6.0,2.0,62677.19,50162.61
279893.69999999995,212.95,5.34,6.0,2.0,63380.81,40217.33
440409.0,269.44,6.0,8.0,4.0,73515.39,35015.08
326340.9,267.95,5.99,8.0,4.0,58518.0,44011.42
378145.19999999995,294.77,6.12,9.0,5.0,60015.34,27854.69
306336.6,204.31,6.51,6.0,3.0,73724.21,33025.44
412640.10000000003,162.95,6.39,4.0,2.0,81850.99,42634.95
367437.6,176.98,5.0,5.0,2.0,81559.2,45777.55
413069.39999999997,246.56,6.69,7.0,3.0,62041.43,46069.98
492649.19999999995,313.38,5.4,9.0,6.0,76935.85,25763.64
363172.19999999995,226.98,6.34,6.0,4.0,70564.46,36308.24
373978.5,194.95,7.49,5.0,4.0,70885.51,39730.16
243617.69999999998,238.77,4.98,7.0,3.0,51742.05,45458.31
316456.80000000005,229.21,6.1,7.0,3.0,61830.24,37688.39
415329.60000000003,211.88,7.43,6.0,4.0,73582.86,36759.65
339937.80000000005,176.28,5.7,5.0,3.0,73998.98,49947.48
441143.10000000003,268.16,5.49,8.0,5.0,62270.59,56626.46
398051.10000000003,231.32,7.2,7.0,3.0,61943.19,41204.71
432586.80000000005,282.03,5.34,8.0,4.0,71108.05,39238.48
383461.5,229.8,5.8,7.0,4.0,77485.71,33296.59
241176.0,242.76,5.32,7.0,2.0,56516.9,34169.93
564038.1000000001,225.9,7.0,6.0,4.0,86129.76,43393.3
378514.5,262.61,6.22,8.0,3.0,70030.02,26782.56
543047.3999999999,337.25,8.39,10.0,3.0,68449.05,20145.89
458247.60000000003,255.38,6.73,7.0,3.0,69518.48,36570.18
339925.19999999995,214.59,6.28,6.0,3.0,62911.52,39738.27
447343.5,223.86,6.38,6.0,2.0,78060.65,47151.72
255942.90000000002,189.79,5.32,5.0,3.0,71714.7,28294.09
292106.69999999995,263.55,5.69,8.0,6.0,58970.58,18991.78
631797.6000000001,257.74,5.22,7.0,6.0,89716.84,60886.85
284510.1,167.6,6.64,4.0,4.0,58945.51,47225.67
492442.19999999995,258.0,4.19,8.0,4.0,88090.37,55833.58
299811.0,267.03,4.76,8.0,6.0,61269.49,41079.49
294954.0,222.04,4.64,6.0,4.0,77910.27,28126.83
431967.89999999997,205.34,7.76,6.0,4.0,71500.87,33741.74
243753.59999999998,202.64,5.61,6.0,2.0,77049.02,19146.68
391353.6,252.23,6.7,7.0,3.0,72474.89,33307.06
373881.0,239.11,5.83,7.0,2.0,69866.02,48601.33
383133.6,238.65,5.41,7.0,4.0,78355.35,26740.95
520444.19999999995,278.23,5.66,8.0,3.0,76541.48,45686.08
260977.19999999998,268.0,5.2,8.0,6.0,68779.17,18901.42
288518.1,237.98,6.96,7.0,2.0,52034.91,20444.79
380145.30000000005,240.08,5.15,7.0,4.0,91937.81,19332.42
546057.0,230.01,7.48,7.0,4.0,66467.92,59258.49
214903.5,232.64,5.03,7.0,4.0,62399.28,29409.21
361320.30000000005,243.6,7.58,7.0,5.0,63477.26,28894.5
468241.5,262.74,7.04,8.0,3.0,67396.97,42768.37
493272.60000000003,282.45,7.5,8.0,4.0,80371.45,18859.29
475893.60000000003,314.37,6.99,9.0,4.0,64276.54,40728.78
321976.19999999995,217.22,7.09,6.0,2.0,59084.73,42955.91
327266.69999999995,182.22,6.11,5.0,4.0,55040.24,58040.67
470454.60000000003,247.74,6.65,7.0,5.0,77803.19,42090.95
278393.69999999995,243.52,6.66,7.0,4.0,49767.03,40776.08
295502.1,290.61,5.79,9.0,6.0,56741.42,26252.13
490924.5,254.65,6.31,7.0,3.0,65904.81,43800.05
462746.69999999995,205.52,7.28,6.0,2.0,73019.82,50931.75
241876.80000000002,262.15,5.32,8.0,4.0,57521.69,29113.41
330402.30000000005,239.55,4.92,7.0,2.0,71486.96,41479.08
536197.5,284.63,6.54,8.0,6.0,81107.9,40936.99
370677.9,241.17,5.72,7.0,2.0,72006.81,37402.08
310087.80000000005,234.91,6.35,7.0,2.0,66071.93,19935.3
400754.39999999997,254.24,5.92,7.0,3.0,72655.35,38039.25
283041.0,247.44,6.24,7.0,6.0,60685.93,27530.57
414899.39999999997,215.16,6.18,6.0,4.0,81044.94,38512.48
257762.69999999998,243.77,6.64,7.0,4.0,58318.86,29491.64
370389.0,246.51,6.58,7.0,4.0,65674.6,34492.79
374653.5,241.35,5.83,7.0,3.0,78859.81,38198.8
332673.9,233.49,5.88,7.0,4.0,75844.99,31903.38
439923.60000000003,240.18,6.2,7.0,2.0,77615.85,36591.52
436210.5,215.4,7.19,6.0,3.0,55988.14,55042.91
437169.30000000005,161.85,7.28,4.0,3.0,79571.6,43601.71
251262.0,216.17,4.92,6.0,2.0,68099.65,35347.13
208341.59999999998,268.75,3.39,8.0,5.0,69489.4,28389.6
641917.8,293.91,6.4,9.0,4.0,95212.47,43890.04
385593.6,251.55,5.25,7.0,4.0,58533.14,49321.06
292501.80000000005,217.47,5.9,6.0,4.0,61875.08,35833.39
498430.5,262.0,5.93,8.0,3.0,80422.26,51383.02
167168.7,245.9,5.09,7.0,5.0,41064.87,37600.69
261397.5,201.05,5.64,6.0,3.0,68885.99,21688.81
373945.5,223.4,7.25,6.0,2.0,70657.4,22743.51
447345.89999999997,217.81,5.1,6.0,2.0,78199.46,50241.04
459804.60000000003,265.0,6.64,8.0,6.0,63536.05,45842.39
193874.40000000002,215.24,6.11,6.0,2.0,57191.9,21518.53
419383.19999999995,270.33,4.74,8.0,4.0,88733.45,32505.92
345996.6,295.8,6.39,9.0,3.0,46285.84,42246.02
340509.30000000005,250.08,4.63,7.0,3.0,71799.86,33178.37
393740.10000000003,213.34,6.53,6.0,2.0,63700.89,52554.41
367200.6,267.17,5.45,8.0,4.0,61516.1,44913.21
418391.39999999997,215.82,7.16,6.0,3.0,66749.57,46553.98
365437.5,262.92,5.33,8.0,6.0,85668.9,24272.72
79889.70000000001,153.74,6.32,4.0,3.0,53562.4,17964.47
315770.4,225.82,5.51,6.0,4.0,61134.79,49167.48
438135.30000000005,264.3,7.86,8.0,5.0,70643.18,24298.97
361613.4,209.85,5.77,6.0,3.0,76635.95,39792.55
333118.19999999995,227.51,6.74,6.0,2.0,74229.47,20042.99
365569.80000000005,252.4,6.07,7.0,4.0,68742.99,34008.88
258859.80000000002,252.75,4.88,7.0,4.0,42245.8,53670.66
211530.30000000002,181.7,5.65,5.0,4.0,57631.6,33884.18
333658.5,205.87,4.52,6.0,2.0,71066.81,43419.89
314994.30000000005,262.61,5.14,8.0,3.0,71813.76,27307.97
495080.69999999995,204.68,7.01,6.0,4.0,80154.87,45608.5
209936.09999999998,242.24,4.85,7.0,4.0,71229.36,27168.84
233731.80000000002,243.35,3.64,7.0,4.0,65182.12,32729.6
524542.5,268.65,8.25,8.0,3.0,65258.21,44352.88
465011.10000000003,250.75,5.35,7.0,4.0,79988.57,53109.81
174340.5,205.03,4.5,6.0,3.0,49664.27,29403.51
461329.80000000005,284.14,7.59,8.0,5.0,73579.4,37368.21
292516.5,236.53,5.74,7.0,3.0,75865.63,30350.78
297217.80000000005,241.34,4.68,7.0,4.0,78048.81,28727.08
327852.9,266.59,6.26,8.0,3.0,69446.3,22578.31
365192.69999999995,255.17,4.2,7.0,3.0,73005.85,36706.21
486678.60000000003,222.88,7.26,6.0,3.0,78146.85,30040.13
386547.0,284.4,6.76,8.0,4.0,64042.77,21350.92
509184.30000000005,241.18,4.4,7.0,3.0,96899.01,50292.67
372695.1,279.17,5.57,8.0,6.0,75059.77,18699.19
590758.2,231.09,5.96,7.0,2.0,97076.16,39915.66
425617.19999999995,227.91,6.62,7.0,4.0,75250.21,34098.37
223335.0,230.77,5.11,7.0,4.0,61099.38,33249.11
221045.09999999998,231.72,7.04,7.0,3.0,43401.44,24589.41
546178.5,284.99,6.3,8.0,5.0,76228.51,46694.14
239757.30000000002,218.63,4.81,6.0,3.0,70698.55,26598.06
388872.0,255.74,6.15,7.0,4.0,58719.36,44957.02
402516.89999999997,227.87,7.18,6.0,2.0,73237.58,33995.11
231300.59999999998,262.13,4.47,8.0,5.0,50817.79,34818.21
373124.4,250.36,6.58,7.0,6.0,60297.7,33621.46
341411.1,245.34,6.26,7.0,4.0,63558.35,37969.66
306043.80000000005,246.31,4.92,7.0,3.0,68704.61,40183.03
452110.80000000005,230.28,6.58,7.0,3.0,72994.02,40449.96
170963.09999999998,214.81,5.4,6.0,4.0,53847.55,23852.69
260193.30000000002,244.54,5.91,7.0,3.0,62992.19,23116.79
397606.5,222.44,4.46,6.0,4.0,83004.62,44194.66
513289.80000000005,255.62,8.18,7.0,5.0,73699.78,34445.89
227240.69999999998,223.77,6.44,6.0,4.0,44834.02,40784.38
435236.10000000003,317.93,5.96,10.0,3.0,69495.75,36248.76
301302.0,214.81,4.29,6.0,2.0,72581.9,26765.18
587395.5,299.37,4.96,9.0,3.0,76908.51,57322.84
378656.1,260.29,6.72,8.0,6.0,70658.46,32688.78
215456.09999999998,204.95,4.45,6.0,2.0,72405.65,32748.79
381455.69999999995,263.74,5.21,8.0,4.0,62893.65,35593.55
400198.80000000005,229.74,7.49,7.0,2.0,76626.76,20782.09
427316.69999999995,250.07,6.01,7.0,4.0,67781.09,43570.83
323573.1,206.47,6.71,6.0,3.0,74004.13,25909.2
461069.69999999995,292.51,5.74,9.0,4.0,62006.2,53450.07
349762.5,242.79,5.39,7.0,4.0,66698.25,40558.24
349763.4,299.4,5.35,9.0,6.0,74562.39,18597.59
329975.1,225.01,4.75,6.0,4.0,67715.22,38555.18
373389.30000000005,310.91,7.74,9.0,4.0,49055.28,26841.43
262052.69999999998,240.17,5.7,7.0,3.0,66484.84,28002.65
381278.4,238.73,5.22,7.0,4.0,72899.66,39311.15
299285.69999999995,244.32,4.07,7.0,6.0,67076.27,35182.01
274193.69999999995,238.62,6.38,7.0,2.0,49198.63,44786.53
256862.40000000002,240.0,5.71,7.0,3.0,56374.21,35084.59
518817.60000000003,223.49,7.16,6.0,3.0,78077.11,40737.42
455636.39999999997,274.1,5.68,8.0,5.0,71103.18,59442.38
225650.40000000002,202.75,5.13,6.0,4.0,59904.85,35188.77
465279.30000000005,266.36,6.33,8.0,3.0,67672.94,39902.46
398342.10000000003,242.78,5.45,7.0,4.0,67123.99,56400.28
419971.80000000005,219.01,9.52,6.0,2.0,65274.14,25620.92
370677.6,238.46,7.4,7.0,3.0,61827.54,31309.44
488002.80000000005,293.89,5.98,9.0,3.0,50041.13,68311.7
329988.0,219.99,5.28,6.0,2.0,68870.38,42188.36
386757.30000000005,275.1,6.95,8.0,3.0,56247.31,36910.3
432393.60000000003,209.65,6.08,6.0,3.0,79763.06,53615.35
248738.69999999998,179.26,5.79,5.0,4.0,50661.02,44261.87
432968.39999999997,233.98,7.81,7.0,4.0,65142.76,42574.66
184817.09999999998,264.76,4.51,8.0,5.0,53641.31,36472.18
242717.09999999998,201.38,5.04,6.0,4.0,55716.54,42051.3
415181.39999999997,236.9,5.91,7.0,4.0,68267.5,35935.5
454366.5,213.78,5.31,6.0,2.0,83444.99,44807.99
364406.69999999995,233.91,3.77,7.0,3.0,76609.92,55430.31
501733.5,253.95,7.02,7.0,5.0,78685.84,34767.79
449033.10000000003,300.38,4.28,9.0,6.0,86232.6,38437.36
422528.39999999997,235.6,6.59,7.0,3.0,75867.23,32319.55
434247.89999999997,246.53,6.54,7.0,6.0,73428.35,42332.3
390446.1,256.37,5.09,7.0,3.0,74994.86,41651.65
441842.69999999995,251.09,8.19,7.0,6.0,58779.09,38936.04
292615.19999999995,283.51,5.79,8.0,6.0,49756.61,44877.44
326609.69999999995,267.94,6.47,8.0,3.0,71135.39,15441.83
458302.80000000005,209.91,5.78,6.0,3.0,82919.89,44985.26
323560.5,270.35,4.39,8.0,6.0,59492.14,46608.27
316274.69999999995,213.26,7.22,6.0,2.0,70363.58,22201.13
364278.9,191.81,6.55,5.0,3.0,70946.91,41818.59
276285.6,265.96,4.08,8.0,4.0,78646.31,17551.71
339895.19999999995,227.83,6.29,6.0,4.0,73273.33,36790.91
519469.19999999995,233.4,7.86,7.0,4.0,84115.12,21776.73
370989.9,219.81,5.12,6.0,2.0,79433.28,40077.75
442104.30000000005,234.08,6.15,7.0,2.0,69647.71,41612.17
555775.5,287.92,6.41,9.0,3.0,79639.0,37129.97
376481.4,226.88,5.51,6.0,4.0,76856.3,29382.09
491598.30000000005,250.65,6.65,7.0,5.0,82199.35,33609.25
410139.0,237.66,6.49,7.0,2.0,72814.16,37882.63
398388.30000000005,204.89,6.5,6.0,4.0,75167.81,32966.2
399612.89999999997,238.43,6.23,7.0,2.0,70507.75,41981.02
267964.5,255.24,7.53,7.0,3.0,46931.58,22190.13
249807.30000000002,232.96,6.55,7.0,2.0,60137.35,15994.13
265574.69999999995,223.28,4.17,6.0,4.0,66026.61,43645.39
214638.0,235.04,5.46,7.0,3.0,76161.63,13801.92
452988.60000000003,291.55,6.39,9.0,3.0,69586.48,35254.0
582792.0,269.56,5.7,8.0,3.0,86859.2,46559.98
352586.69999999995,225.5,5.98,6.0,4.0,68182.47,41933.85
502656.89999999997,259.3,8.14,8.0,4.0,60379.36,43552.36
265896.30000000005,240.66,5.65,7.0,3.0,55430.1,36332.25
149210.40000000002,202.78,5.58,6.0,3.0,50016.43,29559.23
162779.09999999998,279.42,5.22,8.0,3.0,49563.54,23819.28
426601.19999999995,253.99,6.93,7.0,5.0,74279.93,26947.15
447387.0,266.05,6.63,8.0,5.0,73421.02,35630.89
383784.0,277.88,4.94,8.0,5.0,74253.19,26956.92
551695.2,267.89,6.76,8.0,4.0,80072.51,32415.9
242374.80000000002,195.09,5.7,5.0,3.0,67501.02,27412.8
322980.6,265.4,5.18,8.0,4.0,69569.81,27113.0
369861.6,167.06,5.41,4.0,4.0,81997.68,38628.41
311446.19999999995,209.65,6.11,6.0,3.0,68227.88,38294.56
342062.69999999995,218.42,5.82,6.0,4.0,74180.58,31461.73
391530.6,237.87,5.97,7.0,4.0,65801.23,42607.23
313205.1,267.31,5.49,8.0,3.0,70719.52,29301.48
271963.19999999995,262.27,6.17,8.0,4.0,59563.08,24196.14
360266.69999999995,277.75,5.68,8.0,6.0,57311.81,38929.93
423786.0,236.97,6.85,7.0,3.0,76448.09,23214.7
332778.30000000005,238.11,5.89,7.0,2.0,68934.62,27479.08
404160.89999999997,263.43,5.42,8.0,6.0,74274.11,32789.06
538959.6000000001,242.23,6.74,7.0,4.0,82115.11,46052.48
288271.5,251.81,6.26,7.0,4.0,57671.35,30496.29
376720.80000000005,274.93,5.78,8.0,3.0,68061.81,30689.3
280518.30000000005,211.53,5.31,6.0,2.0,73334.68,32270.83
335004.0,199.35,6.1,6.0,2.0,87295.09,23399.85
455824.5,276.89,5.36,8.0,4.0,77969.99,29941.4
536635.8,260.3,6.51,8.0,3.0,66997.4,55761.37
343295.69999999995,274.4,5.28,8.0,5.0,69232.95,23728.24
344552.4,282.77,5.37,8.0,5.0,69686.32,41007.66
308781.9,254.44,5.5,7.0,6.0,60664.9,37712.84
463189.80000000005,238.82,6.86,7.0,2.0,60837.73,58168.62
308985.6,248.2,5.76,7.0,4.0,70944.65,18268.48
386092.5,273.58,6.06,8.0,4.0,63307.83,31956.52
350921.1,261.77,4.74,8.0,3.0,69240.13,34500.58
380526.30000000005,238.57,6.86,7.0,4.0,52840.21,40736.74
296392.19999999995,294.88,6.2,9.0,5.0,51480.41,29802.71
338668.5,237.46,5.31,7.0,4.0,61956.89,32898.3
531204.3,201.05,6.22,6.0,2.0,83408.79,59346.89
170652.90000000002,241.3,5.17,7.0,2.0,68953.48,13008.49
246479.69999999998,243.95,4.06,7.0,3.0,66909.67,34625.35
279519.9,211.53,6.37,6.0,2.0,64707.75,23746.0
365590.80000000005,208.4,6.9,6.0,4.0,52933.91,44766.76
487998.0,254.42,7.15,7.0,3.0,81745.08,21021.02
389543.1,189.91,6.68,5.0,3.0,79663.8,32806.85
225707.09999999998,190.22,4.57,5.0,4.0,66039.62,28616.05
508902.0,242.87,7.47,7.0,3.0,74079.03,32447.4
473443.80000000005,194.84,7.01,5.0,2.0,87736.4,28113.79
219514.5,180.04,5.39,5.0,3.0,57657.9,35437.89
302956.5,238.95,6.05,7.0,4.0,77415.7,11915.28
333496.80000000005,252.58,4.59,7.0,5.0,82868.47,20957.77
487837.5,201.31,7.26,6.0,3.0,76395.85,49784.72
299991.30000000005,247.49,5.64,7.0,5.0,54453.08,40552.09
388790.1,273.8,5.78,8.0,3.0,71380.62,36428.04
463759.19999999995,236.81,8.06,7.0,3.0,64193.87,42961.51
408273.30000000005,249.0,5.56,7.0,3.0,77513.93,34958.43
493476.89999999997,232.25,5.87,7.0,4.0,100741.3,26041.49
430731.0,210.01,6.48,6.0,3.0,75391.68,43359.02
458696.10000000003,234.4,5.99,7.0,3.0,88721.12,30965.58
411932.10000000003,224.23,6.7,6.0,4.0,75819.8,28938.8
226865.09999999998,253.21,5.61,7.0,4.0,54497.32,29180.1
423931.5,217.36,5.41,6.0,3.0,73255.23,41368.95
432095.39999999997,318.37,5.98,10.0,4.0,67176.77,40456.01
363682.80000000005,252.71,6.87,7.0,4.0,62358.4,35365.95
406962.0,240.27,5.89,7.0,4.0,69059.56,35742.18
316867.80000000005,241.13,7.25,7.0,2.0,60912.66,25279.99
415436.10000000003,267.41,5.66,8.0,4.0,60049.86,41798.67
358332.0,215.43,5.91,6.0,4.0,75024.02,35673.18
257448.0,213.53,4.09,6.0,2.0,71324.3,27362.19
441309.30000000005,301.43,4.57,9.0,5.0,71430.14,45173.02
487977.89999999997,244.49,6.29,7.0,5.0,72646.95,51126.89
234457.19999999998,237.04,6.29,7.0,3.0,51338.97,28731.75
398856.30000000005,217.23,3.53,6.0,3.0,74435.95,51546.47
363248.1,242.77,5.51,7.0,3.0,61687.39,45279.16
377748.9,242.32,5.49,7.0,3.0,69284.91,37680.56
449213.10000000003,265.85,8.3,8.0,6.0,66189.97,24912.23
347910.0,198.52,7.97,6.0,3.0,58846.49,37979.31
466876.80000000005,292.7,5.3,9.0,3.0,81823.34,31555.74
279784.80000000005,252.12,4.89,7.0,4.0,63353.8,37717.6
552619.8,272.75,6.3,8.0,6.0,88531.1,34410.19
424288.5,215.17,6.72,6.0,4.0,71901.33,36966.47
385505.69999999995,268.17,4.96,8.0,4.0,72646.51,35628.83
260113.5,226.97,4.64,6.0,2.0,75691.9,24436.95
323117.69999999995,276.42,6.5,8.0,4.0,67830.63,10841.33
326590.5,213.07,5.34,6.0,3.0,70933.4,40092.34
148382.7,223.38,4.81,6.0,3.0,45750.49,39692.76
230164.5,248.59,4.51,7.0,3.0,57060.1,36853.69
497571.60000000003,305.9,7.52,9.0,6.0,75144.87,21261.15
392552.4,211.72,7.29,6.0,4.0,71363.21,27965.2
365106.6,262.46,6.23,8.0,3.0,70169.71,35197.38
282068.69999999995,219.78,5.85,6.0,4.0,56576.55,38519.04
362537.4,265.04,5.64,8.0,5.0,57072.75,39651.75
624670.8,294.69,6.45,9.0,3.0,78679.42,57409.91
324449.1,191.4,5.97,5.0,4.0,70091.56,37410.39
244117.80000000002,218.25,6.75,6.0,4.0,48956.96,28742.01
304890.30000000005,238.52,5.93,7.0,3.0,52707.07,37736.77
534841.2,265.4,6.52,8.0,5.0,69288.1,52969.63
328510.5,262.79,5.1,8.0,4.0,63918.05,48669.65
656197.8,311.51,7.8,9.0,6.0,77701.05,49495.06
410000.39999999997,206.29,6.21,6.0,2.0,84243.5,30239.93
518277.89999999997,259.86,6.05,8.0,5.0,76901.9,50668.14
244557.30000000002,257.24,4.21,7.0,5.0,69529.73,23886.56
415052.39999999997,267.29,6.23,8.0,3.0,67908.17,32949.55
336769.19999999995,243.32,5.74,7.0,3.0,62557.44,33986.48
317734.19999999995,260.18,5.28,8.0,6.0,69672.31,31800.3
444132.60000000003,261.17,6.03,8.0,4.0,66785.25,33871.83
305061.30000000005,223.84,5.05,6.0,3.0,71158.06,30221.33
204789.90000000002,205.77,5.11,6.0,3.0,69361.56,30184.88
205732.80000000002,219.55,6.06,6.0,4.0,64494.64,17476.83
281741.69999999995,247.14,5.01,7.0,3.0,60798.2,43682.09
519030.89999999997,198.99,7.61,6.0,3.0,81054.51,45684.34
388929.9,196.58,5.95,5.0,4.0,69113.25,48474.51
547521.3,239.3,6.46,7.0,3.0,79458.6,46292.38
337825.5,252.72,6.47,7.0,5.0,66866.5,32428.48
218996.69999999998,238.84,4.81,7.0,4.0,61117.3,32508.46
354981.9,215.49,5.57,6.0,4.0,73056.53,45565.9
338652.6,211.08,6.43,6.0,3.0,76911.52,27891.0
302949.30000000005,229.07,5.38,7.0,4.0,65014.71,23416.66
301617.6,248.82,5.58,7.0,3.0,76717.1,22276.37
295060.19999999995,271.95,5.72,8.0,4.0,63330.51,20383.57
488068.19999999995,291.21,6.46,9.0,4.0,57996.67,45786.86
413901.30000000005,247.21,5.56,7.0,3.0,74264.42,47367.07
389798.1,279.85,6.68,8.0,3.0,60243.73,33350.12
348657.6,233.55,5.01,7.0,4.0,77978.59,39730.68
316968.9,181.65,6.46,5.0,2.0,73458.73,31514.42
388529.69999999995,258.19,5.48,8.0,6.0,73907.48,37171.01
245381.69999999998,293.81,5.11,9.0,4.0,51628.01,32713.1
316189.80000000005,218.9,4.45,6.0,2.0,96397.58,22681.93
428367.0,252.25,7.2,7.0,5.0,68144.44,33488.91
367932.0,253.59,6.87,7.0,6.0,58547.89,40083.8
292776.6,195.55,6.93,5.0,2.0,78054.15,16143.66
499244.39999999997,262.11,5.91,8.0,3.0,77453.48,53100.28
455376.60000000003,164.44,7.1,4.0,2.0,75728.7,46231.03
339798.6,267.13,5.74,8.0,3.0,61081.35,25627.55
434301.60000000003,266.56,4.99,8.0,5.0,72120.35,49375.93
366177.30000000005,247.72,6.23,7.0,4.0,76452.81,24441.97
355998.9,318.99,5.18,10.0,6.0,53056.92,35762.87
373436.69999999995,259.16,5.67,8.0,5.0,63081.1,41562.41
289972.80000000005,248.58,4.52,7.0,4.0,66915.89,26897.13
512248.5,260.12,6.03,8.0,6.0,70224.58,43719.48
218892.59999999998,259.65,4.85,8.0,3.0,56610.64,25494.74
370543.19999999995,210.18,7.52,6.0,2.0,73679.17,19414.34
383585.69999999995,222.58,8.43,6.0,3.0,57115.48,31202.1
325203.6,231.44,4.44,7.0,2.0,63270.35,48531.79
535825.8,277.54,6.48,8.0,5.0,68728.23,46415.36
329081.4,229.06,5.91,7.0,3.0,57630.37,38748.5
481980.89999999997,247.56,5.51,7.0,4.0,80949.36,40034.42
404090.69999999995,256.71,6.7,7.0,3.0,60587.03,35683.67
255810.90000000002,259.48,5.74,8.0,6.0,42258.77,49215.66
325428.9,211.22,7.01,6.0,4.0,78757.68,20453.3
340144.19999999995,290.8,6.68,9.0,4.0,47594.45,41311.07
118656.90000000001,224.18,5.75,6.0,3.0,54465.75,7234.96
248180.40000000002,293.8,5.18,9.0,5.0,52399.75,18116.62
635752.8,309.77,7.31,9.0,6.0,68945.0,56617.14
488872.19999999995,269.29,5.31,8.0,6.0,73345.67,46245.42
324711.0,265.77,4.36,8.0,6.0,73789.4,40939.77
192843.0,271.58,3.86,8.0,5.0,66047.05,26534.7
310883.1,244.43,4.0,7.0,5.0,75908.67,35040.33
576308.7,256.6,8.13,7.0,5.0,84657.62,37068.49
322809.9,245.13,4.84,7.0,4.0,68074.43,32060.71
267611.69999999995,271.71,6.67,8.0,4.0,49869.48,36325.68
297770.1,232.02,5.93,7.0,4.0,60300.67,34195.58
468866.10000000003,255.5,8.17,7.0,3.0,75245.47,37410.67
470357.69999999995,267.86,5.77,8.0,3.0,76076.11,45327.58
477999.60000000003,264.42,5.56,8.0,6.0,81464.86,45712.25
323822.69999999995,246.46,6.89,7.0,5.0,57094.78,30879.0
600573.0,268.13,7.62,8.0,3.0,74692.9,58221.98
505968.60000000003,251.85,5.46,7.0,4.0,75916.3,52072.36
233988.59999999998,243.97,6.02,7.0,4.0,47129.1,34721.16
205606.5,200.16,4.33,6.0,4.0,62317.09,36075.81
190265.40000000002,228.34,4.24,7.0,3.0,57576.05,28653.59
346104.0,226.82,5.69,6.0,2.0,77481.71,30735.6
370567.80000000005,263.91,5.04,8.0,4.0,75408.36,33003.26
426937.80000000005,280.24,4.69,8.0,4.0,73739.85,38988.13
465054.30000000005,240.03,7.53,7.0,4.0,69327.7,31948.94
522215.69999999995,190.89,8.2,5.0,3.0,96551.0,25707.08
505790.39999999997,201.58,5.84,6.0,4.0,84487.83,41764.66
257426.69999999998,278.08,4.49,8.0,6.0,53338.99,45234.82
535612.2,261.41,6.49,8.0,5.0,78747.7,48614.33
334134.6,220.04,4.71,6.0,3.0,73477.98,46610.62
354866.4,212.92,4.6,6.0,4.0,81159.79,40861.62
345338.69999999995,204.93,5.7,6.0,4.0,73294.46,32253.02
426021.0,240.79,7.21,7.0,2.0,60946.59,39660.67
314184.0,236.93,6.46,7.0,2.0,53793.18,43458.0
258241.19999999998,233.62,5.58,7.0,2.0,65480.31,35056.75
394390.80000000005,212.28,7.87,6.0,2.0,66987.51,26672.08
155649.3,222.96,4.62,6.0,3.0,66626.54,20257.79
453265.19999999995,268.48,6.94,8.0,5.0,63445.86,46462.31
296437.19999999995,252.7,6.61,7.0,6.0,50935.96,44128.2
447271.5,260.12,6.26,8.0,4.0,74085.92,49674.43
391905.0,217.04,6.67,6.0,2.0,64410.68,47477.01
488547.30000000005,248.86,7.42,7.0,6.0,66710.02,34238.49
164375.40000000002,232.64,7.24,7.0,2.0,43940.87,23999.08
284046.30000000005,234.92,4.65,7.0,3.0,69313.97,30418.68
322311.0,297.27,5.46,9.0,5.0,66398.4,25841.53
440625.89999999997,285.17,6.22,8.0,5.0,67136.08,31846.25
328464.0,238.32,5.85,7.0,4.0,66547.02,27850.82
226488.30000000002,194.15,5.8,5.0,2.0,72472.37,19745.49
473628.30000000005,237.75,5.23,7.0,4.0,82958.02,43015.09
429902.10000000003,243.32,4.91,7.0,3.0,88968.52,34751.74
538204.2,221.74,6.66,6.0,4.0,83417.24,34922.25
411906.60000000003,255.36,6.98,7.0,3.0,68613.01,31936.44
288393.6,220.19,4.21,6.0,2.0,68527.34,38852.68
419540.10000000003,293.07,6.34,9.0,3.0,78818.71,20631.3
502851.60000000003,293.33,6.45,9.0,3.0,76948.45,33189.8
269840.1,294.15,5.06,9.0,3.0,56315.35,40985.48
497608.5,184.58,6.85,5.0,4.0,84898.8,46066.87
235638.30000000002,257.94,5.98,8.0,6.0,54094.85,29371.03
268632.30000000005,224.38,5.0,6.0,2.0,68661.25,25431.4
432802.19999999995,241.26,6.7,7.0,2.0,87062.46,15007.77
397206.60000000003,236.3,4.99,7.0,2.0,82093.56,30644.24
201501.59999999998,238.53,4.75,7.0,3.0,58521.9,44423.5
319785.9,211.68,4.71,6.0,4.0,71117.41,43998.06
337440.0,207.06,4.83,6.0,4.0,76888.25,40974.15
209352.30000000002,224.38,4.06,6.0,4.0,64608.22,36947.26
493969.5,275.06,7.33,8.0,5.0,60555.04,46257.12
424994.39999999997,233.26,5.43,7.0,3.0,80980.26,37340.98
321867.30000000005,256.2,5.52,7.0,5.0,69945.46,25022.1
365196.30000000005,236.21,6.49,7.0,3.0,56956.34,57931.67
328851.9,252.26,5.41,7.0,4.0,59580.33,38525.24
364892.1,191.56,5.95,5.0,4.0,75398.08,42304.32
486310.80000000005,258.19,6.95,8.0,5.0,79055.65,41724.91
433741.5,249.1,6.31,7.0,3.0,68113.31,44316.38
425387.39999999997,213.37,5.54,6.0,2.0,90201.4,35220.86
203183.40000000002,252.03,6.36,7.0,6.0,44206.21,23033.55
423244.5,272.87,5.55,8.0,3.0,82748.75,20152.17
456111.30000000005,255.39,6.84,7.0,3.0,78933.5,28675.19
326015.1,234.89,7.34,7.0,3.0,55833.7,37838.87
494165.10000000003,268.19,6.19,8.0,4.0,73853.7,34823.61
361087.19999999995,225.27,7.2,6.0,4.0,76956.49,23867.33
514722.89999999997,287.97,6.54,9.0,3.0,72682.76,45348.56
380314.19999999995,245.6,7.24,7.0,6.0,64188.53,34211.3
469369.19999999995,196.62,7.55,5.0,4.0,83656.49,42841.74
188661.0,188.7,4.57,5.0,3.0,53793.28,37683.75
460246.80000000005,202.77,6.23,6.0,4.0,89910.75,37517.88
312569.1,191.58,6.1,5.0,3.0,64105.61,42938.16
285036.6,261.02,5.28,8.0,6.0,60075.89,30394.89
413182.5,231.91,6.73,7.0,3.0,72331.68,34718.07
233320.19999999998,269.47,6.3,8.0,4.0,42969.66,29594.09
210696.59999999998,216.2,5.86,6.0,4.0,48418.25,41513.4
253815.90000000002,251.07,5.8,7.0,6.0,57880.64,20255.98
417261.0,264.38,7.03,8.0,6.0,74992.16,30885.2
418470.30000000005,219.03,7.3,6.0,2.0,54203.3,60388.34
533957.3999999999,247.65,7.29,7.0,4.0,70632.61,45919.26
526459.8,218.8,6.05,6.0,3.0,86051.09,49475.67
348119.4,174.23,5.74,5.0,3.0,72630.01,45888.87
242512.19999999998,275.2,5.74,8.0,4.0,61821.94,19123.42
383151.6,278.4,6.49,8.0,6.0,70754.6,25442.4
307838.1,212.97,6.39,6.0,3.0,62840.19,35658.69
140704.8,197.65,6.06,5.0,4.0,54259.48,26482.16
288765.30000000005,232.99,6.16,7.0,4.0,56060.9,42461.32
415724.69999999995,207.91,5.74,6.0,3.0,86401.89,38799.43
481619.69999999995,263.83,6.34,8.0,6.0,73466.77,43108.02
358876.19999999995,265.23,5.64,8.0,5.0,70817.4,33597.5
563939.3999999999,258.01,6.74,8.0,6.0,79661.16,44099.75
381525.6,233.93,6.41,7.0,3.0,61506.59,53962.06
563023.8,285.62,7.57,8.0,6.0,78114.42,41831.04
332875.80000000005,227.98,4.85,7.0,2.0,73779.09,40935.06
468081.0,261.17,5.19,8.0,6.0,78705.91,40204.52
471844.5,312.2,7.19,9.0,6.0,83145.09,7360.3
439567.19999999995,250.79,7.35,7.0,4.0,63232.94,33637.96
314901.6,206.19,5.69,6.0,4.0,71560.02,40311.28
369347.1,258.45,4.25,8.0,4.0,79310.36,43982.19
256443.59999999998,246.26,5.77,7.0,3.0,56290.32,27648.72
375148.5,242.97,5.68,7.0,5.0,74526.5,32518.48
288655.19999999995,254.39,5.27,7.0,5.0,61467.75,38816.14
559401.0,270.66,6.1,8.0,4.0,73658.12,57646.39
173131.5,186.77,5.25,5.0,4.0,56743.58,23889.16
304856.1,209.08,4.8,6.0,2.0,63582.98,52070.9
447889.80000000005,275.96,5.26,8.0,6.0,78358.95,40591.33
543379.8,277.03,6.51,8.0,5.0,82743.51,41859.07
325123.5,236.96,5.55,7.0,3.0,61877.55,28604.94
387893.69999999995,226.18,7.37,6.0,3.0,59963.91,39170.31
346653.9,307.36,6.76,9.0,4.0,58099.54,27063.09
388221.0,224.99,6.28,6.0,4.0,75054.75,37179.35
347744.1,240.58,4.11,7.0,4.0,79163.78,31514.44
440868.60000000003,200.33,5.97,6.0,3.0,69442.45,56984.15
296623.80000000005,192.31,5.48,5.0,4.0,76181.21,22850.03
232347.59999999998,167.87,4.86,4.0,4.0,56799.07,52875.06
97558.79999999999,229.74,4.58,7.0,3.0,52511.65,24612.99
443278.80000000005,235.98,5.8,7.0,4.0,86362.78,34050.13
445142.39999999997,253.82,6.47,7.0,5.0,74230.52,19108.53
260233.5,244.71,4.37,7.0,4.0,80793.42,25377.56
426257.69999999995,262.1,5.16,8.0,4.0,72618.54,37345.91
204294.90000000002,248.77,6.31,7.0,6.0,48662.3,29002.1
299098.80000000005,221.5,5.41,6.0,3.0,71277.27,36325.79
431708.69999999995,189.26,5.75,5.0,3.0,80285.68,48633.83
239073.30000000002,156.66,7.34,4.0,3.0,62681.8,17454.46
349847.4,253.3,5.69,7.0,6.0,65673.75,32367.45
316664.69999999995,301.41,5.5,9.0,3.0,64426.87,18214.31
492615.60000000003,294.12,4.89,9.0,5.0,83801.82,33184.55
520271.69999999995,241.51,6.35,7.0,2.0,87638.12,34109.24
358056.0,215.41,5.42,6.0,3.0,69179.7,36323.69
166726.8,228.83,3.0,7.0,2.0,77540.89,21671.51
373389.6,257.13,5.35,7.0,5.0,67612.49,40272.37
530410.8,306.46,6.24,9.0,3.0,73180.67,43144.71
314235.9,210.57,5.17,6.0,3.0,75786.35,36352.35
311499.0,226.63,5.71,6.0,4.0,68294.31,21770.67
268680.0,214.5,6.4,6.0,2.0,57684.53,31033.02
405605.39999999997,258.41,5.9,8.0,6.0,71701.84,27610.39
338413.5,275.67,7.14,8.0,3.0,68259.16,17861.32
380571.30000000005,274.42,4.76,8.0,4.0,70972.24,45696.87
318455.4,258.15,5.34,8.0,3.0,71307.9,27619.16
517419.89999999997,261.17,6.59,8.0,3.0,87626.94,36654.46
498292.5,247.28,8.04,7.0,5.0,66651.6,46165.7
539286.3,274.99,7.89,8.0,3.0,68600.04,39091.22
263853.30000000005,216.02,5.38,6.0,4.0,67846.05,27442.1
469545.60000000003,251.36,7.56,7.0,3.0,63345.19,41461.95
359738.4,180.61,6.29,5.0,4.0,66262.19,45055.24
195536.40000000002,185.31,4.66,5.0,4.0,73659.1,39575.39
175914.59999999998,227.21,4.04,6.0,2.0,60904.45,33078.15
345522.30000000005,199.91,6.41,6.0,3.0,63543.59,44541.65
383715.6,273.31,5.64,8.0,3.0,67582.84,41529.7
175659.3,202.81,5.25,6.0,2.0,54841.76,31196.48
265268.1,193.97,6.35,5.0,3.0,69657.36,29973.09
238999.80000000002,254.87,4.27,7.0,6.0,66369.75,18683.54
487452.60000000003,318.13,6.15,10.0,4.0,68785.85,40634.95
467999.10000000003,218.35,8.47,6.0,2.0,61306.12,37252.72
184652.09999999998,199.35,4.62,6.0,3.0,54850.74,38390.67
460047.89999999997,272.82,5.6,8.0,6.0,71795.86,49773.2
371982.0,209.71,5.48,6.0,3.0,69676.6,31727.36
392539.5,212.99,7.15,6.0,2.0,55815.57,42961.76
429243.89999999997,169.86,6.26,5.0,4.0,71332.55,49628.41
283021.19999999995,256.06,6.07,7.0,5.0,61951.17,31521.28
281526.30000000005,229.95,5.18,7.0,4.0,57855.69,40581.76
361917.9,269.61,5.71,8.0,5.0,66706.07,38981.04
144417.59999999998,198.86,5.29,6.0,2.0,54890.1,32642.04
343392.6,277.05,6.09,8.0,3.0,61666.5,24865.99
308590.80000000005,239.61,5.59,7.0,3.0,75435.42,22637.49
257079.59999999998,221.56,5.97,6.0,4.0,61683.0,29674.03
522769.80000000005,242.0,7.93,7.0,4.0,68211.29,40808.99
485134.5,257.44,7.15,7.0,5.0,75282.45,28385.5
409208.69999999995,269.23,5.8,8.0,3.0,67143.75,32715.66
510757.80000000005,237.14,7.82,7.0,3.0,68974.1,31832.99
412531.5,265.0,5.59,8.0,6.0,69845.24,37014.02
352433.69999999995,269.42,6.19,8.0,5.0,74475.54,21149.01
338033.4,261.19,5.71,8.0,5.0,70219.69,28553.82
328718.4,255.67,6.15,7.0,6.0,64455.78,29066.22
204125.69999999998,267.28,4.24,8.0,6.0,42940.14,45709.12
452039.69999999995,271.44,6.54,8.0,5.0,66490.83,33650.09
355780.80000000005,231.29,5.7,7.0,2.0,64261.83,41190.55
607236.3,253.26,7.03,7.0,5.0,85207.43,40946.07
468852.89999999997,302.96,6.38,9.0,6.0,76268.09,25978.9
555319.8,282.23,6.93,8.0,4.0,69918.44,54346.75
86192.4,233.96,4.19,7.0,3.0,51144.85,18277.6
290484.30000000005,206.11,6.52,6.0,4.0,72583.25,21768.32
264025.5,269.06,6.05,8.0,5.0,58182.06,17668.95
505610.39999999997,244.89,7.21,7.0,6.0,85952.49,24222.47
350864.4,198.49,6.31,6.0,2.0,79801.76,33579.91
484144.5,254.03,7.31,7.0,3.0,67922.6,35447.92
202776.0,219.36,7.84,6.0,2.0,46062.75,28288.33
506592.89999999997,233.63,6.15,7.0,4.0,83658.66,42647.87
260530.5,242.98,5.04,7.0,4.0,58299.83,31675.27
247182.59999999998,172.89,6.51,5.0,2.0,62342.85,38010.37
180302.09999999998,237.32,5.64,7.0,2.0,44328.26,20820.24
343470.30000000005,217.98,5.72,6.0,3.0,73470.93,32855.51
320948.4,226.85,6.08,6.0,4.0,64438.11,40538.96
283347.30000000005,162.56,7.12,4.0,2.0,54516.63,51298.95
237216.30000000002,249.64,5.43,7.0,3.0,74182.51,14659.99
242846.09999999998,242.62,7.36,7.0,2.0,43800.29,34184.97
223017.90000000002,266.45,6.1,8.0,4.0,50703.15,26324.21
339088.19999999995,208.58,4.4,6.0,4.0,81721.61,40454.82
560115.3,242.49,6.72,7.0,4.0,74455.44,62449.97
313064.69999999995,238.93,5.75,7.0,3.0,61634.04,46857.47
193859.40000000002,236.42,4.01,7.0,3.0,47634.19,51505.71
496920.60000000003,229.85,6.6,7.0,2.0,81093.23,38473.13
364368.9,271.3,6.93,8.0,6.0,50571.41,40913.3
173518.8,232.13,3.63,7.0,4.0,69799.55,17217.22
403395.60000000003,228.24,6.73,7.0,3.0,80955.09,29431.81
665917.2,248.38,5.5,7.0,6.0,99317.82,50350.35
169704.3,201.37,6.03,6.0,2.0,53510.24,22977.92
327578.69999999995,239.65,5.72,7.0,4.0,77755.54,22239.28
368910.9,285.39,5.84,8.0,6.0,67726.19,37158.74
184543.5,252.01,5.66,7.0,3.0,46135.25,39232.22
440771.10000000003,220.87,6.12,6.0,4.0,77089.65,46740.89
361563.6,217.68,4.78,6.0,2.0,88850.48,26565.33
413229.0,243.96,7.13,7.0,6.0,61828.03,43068.23
311214.9,211.06,5.58,6.0,4.0,70553.46,43538.3
322157.1,256.57,6.87,7.0,4.0,65220.1,22585.24
434424.30000000005,246.6,5.94,7.0,3.0,77932.57,29085.14
131230.8,247.61,3.75,7.0,4.0,54341.15,30542.21
285873.6,159.19,7.31,4.0,2.0,70850.4,33845.65
337197.6,259.0,4.95,8.0,4.0,68482.91,37366.86
432269.10000000003,311.77,5.71,9.0,6.0,67006.36,34653.8
494460.60000000003,254.33,5.89,7.0,6.0,81941.22,41766.86
417297.30000000005,261.52,7.1,8.0,3.0,71717.87,27524.96
421931.39999999997,270.08,6.16,8.0,6.0,80168.91,24833.3
511164.0,258.46,6.46,8.0,6.0,73047.33,47053.46
466037.69999999995,257.02,7.42,7.0,5.0,76186.85,30829.91
261778.5,254.41,6.29,7.0,3.0,50764.67,33577.08
309097.5,201.32,5.05,6.0,4.0,72551.37,39740.06
358234.19999999995,238.48,6.24,7.0,2.0,59981.13,49620.38
293431.19999999995,264.84,3.97,8.0,6.0,74521.14,26251.87
367256.1,246.35,4.15,7.0,3.0,77853.32,38031.07
318863.4,258.54,5.23,8.0,5.0,71684.1,24555.34
307183.19999999995,193.17,6.37,5.0,2.0,76223.56,30165.34
250380.0,296.64,5.33,9.0,4.0,51654.28,28197.62
178905.0,192.01,4.41,5.0,4.0,60717.4,42891.6
173442.59999999998,194.09,3.12,5.0,4.0,69413.61,43722.52
473426.10000000003,261.94,7.06,8.0,5.0,78529.53,23897.12
385529.69999999995,296.54,5.8,9.0,4.0,71350.78,29207.16
456079.19999999995,276.1,6.41,8.0,6.0,70250.57,35271.36
216634.5,249.57,5.57,7.0,5.0,54725.2,26993.36
325530.9,247.45,6.54,7.0,6.0,68508.32,25290.41
311109.9,236.4,5.39,7.0,4.0,66789.16,35735.32
394861.80000000005,276.95,6.18,8.0,6.0,62087.47,43013.8
341120.69999999995,280.2,5.41,8.0,3.0,77345.47,26706.91
374607.0,267.95,5.31,8.0,4.0,52018.16,60742.63
581880.8999999999,240.4,7.74,7.0,2.0,87916.91,32697.88
314640.30000000005,301.44,5.41,9.0,4.0,44710.18,56584.41
308482.5,279.42,6.87,8.0,5.0,44048.46,40942.59
192793.8,189.5,5.17,5.0,3.0,64201.5,23252.16
543662.7,237.58,7.58,7.0,3.0,80778.57,42462.03
341988.0,255.62,6.4,7.0,3.0,54407.08,36707.94
502061.39999999997,238.24,6.73,7.0,2.0,70594.16,55601.05
397453.80000000005,243.76,6.5,7.0,5.0,66357.88,39575.98
275015.4,214.81,5.06,6.0,4.0,62141.7,37463.84
634503.3,322.46,7.7,10.0,4.0,83774.54,37130.8
208804.19999999998,247.33,5.8,7.0,3.0,39777.61,38725.42
606393.3,294.66,6.46,9.0,5.0,83088.07,40564.64
75955.79999999999,184.49,5.26,5.0,2.0,52588.68,32938.36
273374.4,214.46,6.86,6.0,4.0,57818.8,37984.19
471986.69999999995,244.85,6.11,7.0,4.0,81462.86,31484.96
439014.89999999997,225.34,5.72,6.0,3.0,74584.37,46372.75
410056.19999999995,257.51,6.98,7.0,3.0,67445.14,36419.17
404371.19999999995,220.79,6.99,6.0,3.0,61660.27,50291.36
274019.1,199.31,5.62,6.0,2.0,74405.37,28304.92
484024.19999999995,251.62,6.81,7.0,5.0,71074.8,44214.49
278569.19999999995,240.79,5.12,7.0,3.0,77864.51,25200.42
298396.19999999995,265.8,3.91,8.0,4.0,70692.37,31027.51
430243.19999999995,252.16,5.9,7.0,3.0,72750.56,45134.65
414836.10000000003,196.65,5.23,5.0,2.0,76483.59,54737.93
288777.6,195.39,5.26,5.0,2.0,74401.7,26015.38
412058.69999999995,245.45,6.91,7.0,3.0,59378.45,43306.35
467592.0,261.62,6.73,8.0,5.0,84691.77,22216.79
460144.80000000005,206.71,7.37,6.0,2.0,66832.31,41344.52
537531.3,216.59,7.47,6.0,2.0,81947.84,43487.58
382495.19999999995,256.68,6.46,7.0,5.0,68342.26,34530.73
352931.4,234.46,6.06,7.0,4.0,52941.73,54294.77
459051.89999999997,238.34,4.52,7.0,3.0,81785.71,56712.07
547757.3999999999,233.91,7.24,7.0,3.0,94494.38,31307.52
292380.0,201.67,6.46,6.0,3.0,68177.4,23835.29
256878.59999999998,232.86,4.97,7.0,4.0,65893.45,28173.79
571059.8999999999,255.57,7.33,7.0,6.0,71793.87,53272.79
488892.30000000005,253.28,4.84,7.0,5.0,90864.88,39183.03
357801.6,269.26,5.83,8.0,4.0,62034.98,29194.0
320656.80000000005,210.78,5.59,6.0,4.0,75545.63,32614.32
460753.5,285.89,7.05,8.0,6.0,74852.74,26120.66
309946.5,286.53,5.23,8.0,3.0,62303.11,33711.72
459003.89999999997,247.47,5.19,7.0,4.0,71481.03,45246.17
339367.80000000005,206.04,4.51,6.0,2.0,80484.87,28076.98
404167.80000000005,266.69,4.44,8.0,3.0,84431.67,26124.41
203021.69999999998,235.59,4.42,7.0,4.0,55707.35,22588.58
431326.80000000005,202.61,6.51,6.0,2.0,81023.02,30501.65
223422.59999999998,203.03,5.83,6.0,2.0,72466.08,12113.11
369188.69999999995,234.21,6.01,7.0,2.0,71663.3,35315.03
592851.0,301.47,5.25,9.0,4.0,81881.61,62340.64
310159.5,188.44,2.8,5.0,4.0,85480.44,47508.81
467571.60000000003,263.74,8.11,8.0,6.0,63753.86,31347.69
254754.30000000002,219.93,6.49,6.0,4.0,56935.33,32965.94
215298.59999999998,274.24,6.78,8.0,4.0,66513.88,5727.49
356127.30000000005,237.57,5.44,7.0,4.0,72554.54,36249.41
398084.10000000003,268.72,4.98,8.0,3.0,69956.75,35148.16
373735.5,252.39,4.15,7.0,4.0,65126.7,47258.76
399569.10000000003,263.66,5.43,8.0,6.0,71270.84,40130.81
441701.39999999997,273.41,6.42,8.0,4.0,59124.12,36442.99
339066.30000000005,276.53,7.1,8.0,5.0,55383.02,36106.37
272238.6,219.48,7.37,6.0,3.0,52512.84,25943.08
474545.10000000003,211.35,6.29,6.0,4.0,77050.18,47171.91
432473.10000000003,254.44,5.81,7.0,4.0,73267.9,44674.47
246075.0,201.31,6.42,6.0,3.0,58585.1,28026.78
388038.6,224.53,7.68,6.0,4.0,72770.17,21357.04
386436.9,200.1,5.15,6.0,3.0,70203.6,40588.57
408302.39999999997,214.36,6.23,6.0,2.0,75841.49,48641.8
325328.1,202.75,4.82,6.0,4.0,73679.4,42734.24
491428.5,216.32,7.78,6.0,2.0,72928.97,38728.04
359231.1,266.1,5.92,8.0,6.0,64448.82,21240.15
278463.30000000005,249.42,5.69,7.0,4.0,52652.65,34776.59
410286.0,232.16,7.03,7.0,3.0,78482.23,28452.31
445920.30000000005,238.74,6.6,7.0,2.0,68398.36,49548.72
466653.0,209.32,7.54,6.0,2.0,73921.64,36269.23
430272.0,249.62,6.68,7.0,3.0,71162.38,39134.55
294535.5,264.63,5.42,8.0,5.0,61269.67,36337.76
301629.30000000005,201.34,5.81,6.0,4.0,75175.0,25943.71
403815.0,253.63,6.42,7.0,4.0,71286.51,36411.97
282719.1,222.55,6.44,6.0,2.0,52190.97,39309.46
543829.8,223.13,6.98,6.0,3.0,84054.43,38712.71
294468.0,228.02,5.59,7.0,4.0,69017.58,27751.99
574353.0,294.15,6.36,9.0,5.0,81490.49,55928.09
310310.1,251.43,4.09,7.0,5.0,69273.78,42086.79
538566.8999999999,250.62,5.78,7.0,6.0,87106.51,44102.2
289647.6,192.83,5.1,5.0,3.0,59821.36,54223.66
415440.60000000003,306.37,4.49,9.0,4.0,69517.84,39739.76
570844.5,231.25,5.14,7.0,2.0,95358.18,49759.13
277149.0,293.86,4.6,9.0,5.0,45546.64,34810.68
322394.1,211.27,7.61,6.0,2.0,69664.08,37012.99
320787.6,268.25,5.6,8.0,5.0,65221.13,34752.94
319703.69999999995,196.58,5.11,5.0,4.0,74452.82,37298.07
256700.09999999998,173.79,7.11,5.0,4.0,61046.29,40277.9
295638.6,230.86,5.61,7.0,3.0,66537.59,39265.01
199289.69999999998,198.74,4.37,6.0,4.0,64675.75,36376.49
181114.5,274.78,4.94,8.0,5.0,56586.13,19540.91
390040.19999999995,239.08,7.24,7.0,3.0,66148.99,38903.2
328617.6,253.86,5.42,7.0,4.0,62714.62,40082.66
407339.39999999997,230.25,6.35,7.0,2.0,73490.6,52452.08
219221.69999999998,249.81,5.63,7.0,3.0,51858.9,28593.88
334688.4,276.98,6.83,8.0,6.0,67481.41,18846.25
361425.9,277.18,6.17,8.0,4.0,74497.67,28160.46
432458.10000000003,249.57,5.89,7.0,5.0,70073.5,40109.83
401022.89999999997,281.32,4.56,8.0,6.0,86458.98,22321.44
222811.5,220.48,5.29,6.0,3.0,56894.4,32478.66
345131.69999999995,235.46,5.64,7.0,3.0,58153.23,45756.53
398054.10000000003,234.6,5.09,7.0,2.0,84556.64,31797.32
375799.19999999995,218.86,5.33,6.0,3.0,82732.98,41136.53
407928.89999999997,234.05,6.44,7.0,3.0,65694.05,43406.71
533403.8999999999,259.28,7.15,8.0,6.0,76061.35,40876.96
332717.69999999995,288.32,6.38,9.0,5.0,66935.48,17573.62
311682.0,170.78,6.48,5.0,4.0,73148.51,40372.17
301110.30000000005,224.9,5.04,6.0,2.0,77961.22,23334.68
326048.69999999995,252.37,5.53,7.0,6.0,60553.24,37277.89
518394.89999999997,217.7,8.55,6.0,3.0,79500.4,32069.12
339942.0,305.5,4.67,9.0,5.0,63237.11,33805.58
438227.69999999995,235.9,7.84,7.0,3.0,71348.73,34405.95
570236.7,227.93,7.08,7.0,3.0,75654.78,49451.18
347327.69999999995,245.94,4.53,7.0,6.0,83539.27,37676.56
480922.5,217.14,6.21,6.0,4.0,85719.69,38030.22
365479.19999999995,252.45,6.11,7.0,4.0,75571.04,33988.44
300606.9,282.63,6.42,8.0,4.0,57227.32,20744.0
222604.80000000002,181.85,5.15,5.0,3.0,59256.07,32695.18
307158.9,234.21,5.04,7.0,4.0,64975.66,36975.05
473440.80000000005,268.84,7.03,8.0,4.0,65310.43,40677.55
336327.9,277.41,4.62,8.0,6.0,61127.27,31396.36
268140.6,171.54,6.98,5.0,2.0,67055.45,32034.98
286549.80000000005,215.78,6.05,6.0,3.0,71043.31,20763.6
176991.0,270.89,2.8,8.0,3.0,57838.74,37771.43
229162.19999999998,285.47,5.44,8.0,4.0,48144.05,23465.38
453967.19999999995,224.07,6.07,6.0,3.0,67952.4,58782.22
310901.4,289.75,3.74,9.0,4.0,68467.22,46594.49
322717.19999999995,239.54,4.76,7.0,2.0,66767.9,46125.22
326012.69999999995,242.43,5.17,7.0,2.0,77135.47,32779.69
414381.89999999997,286.73,5.36,8.0,3.0,64916.1,39315.51
207556.5,187.71,6.03,5.0,4.0,50343.76,27445.88
258713.09999999998,270.23,5.54,8.0,3.0,62036.63,14790.22
200228.40000000002,255.73,3.95,7.0,6.0,59467.86,36436.49
187273.5,233.72,5.83,7.0,2.0,55306.91,32447.0
384709.5,273.86,5.74,8.0,4.0,76027.94,37462.22
443718.89999999997,237.76,7.08,7.0,3.0,63317.05,43523.95
402620.39999999997,234.15,5.58,7.0,4.0,71146.51,42968.62
461412.0,243.84,6.57,7.0,6.0,70950.43,39778.14
244678.19999999998,203.98,4.91,6.0,3.0,64603.19,33673.9
417347.69999999995,251.34,6.67,7.0,5.0,69993.96,39898.3
218210.09999999998,214.28,4.24,6.0,2.0,62367.45,23533.22
316045.5,238.41,5.67,7.0,4.0,62654.36,36718.51
455978.39999999997,241.33,6.17,7.0,3.0,70842.22,42987.48
275560.19999999995,230.43,5.18,7.0,2.0,64975.88,37088.82
457140.60000000003,247.68,6.53,7.0,3.0,72200.04,42485.44
306012.6,260.95,5.8,8.0,5.0,62524.56,19113.17
270525.9,205.22,5.21,6.0,2.0,68377.38,33641.56
110829.90000000001,245.63,3.71,7.0,4.0,61194.48,28667.14
395417.39999999997,242.11,6.34,7.0,4.0,69147.22,42892.7
318290.1,237.05,6.68,7.0,2.0,61592.94,23011.96
475384.80000000005,227.75,7.46,6.0,2.0,72487.49,44865.38
244313.40000000002,268.7,4.0,8.0,5.0,62949.67,30373.06
460862.39999999997,245.65,7.31,7.0,6.0,78605.19,18493.06
416462.69999999995,265.75,7.82,8.0,4.0,55565.04,35680.47
275988.9,228.37,5.4,7.0,2.0,55845.55,43790.67
593589.0,267.25,6.46,8.0,5.0,89026.81,38039.55
578618.7,253.41,7.73,7.0,3.0,76338.67,50620.21
456287.10000000003,280.21,5.85,8.0,3.0,53547.02,57979.86
424278.0,229.24,6.17,7.0,3.0,74812.7,45471.81
247945.19999999998,223.06,5.0,6.0,4.0,63407.7,36397.65
323985.30000000005,259.55,7.02,8.0,6.0,54743.73,27692.27
463788.60000000003,199.93,6.57,6.0,2.0,85658.33,35204.98
412235.10000000003,200.6,7.13,6.0,2.0,56631.9,51351.72
287341.80000000005,163.34,5.7,4.0,2.0,79978.55,27897.17
328962.9,281.64,5.24,8.0,4.0,69840.27,27895.53
423841.80000000005,253.38,6.39,7.0,3.0,86985.76,25788.67
458388.60000000003,259.17,5.66,8.0,4.0,74521.18,38533.84
402022.5,262.57,6.53,8.0,5.0,58568.63,44067.09
264255.30000000005,213.54,6.62,6.0,3.0,67712.81,16561.19
397341.0,202.47,7.17,6.0,4.0,74280.7,26115.26
310362.0,222.93,6.28,6.0,3.0,56000.02,41006.98
323700.0,217.05,5.51,6.0,4.0,72980.65,37786.06
264906.6,199.08,5.41,6.0,4.0,70602.26,35594.22
430450.80000000005,271.04,6.77,8.0,4.0,60595.68,47991.9
201220.5,247.26,4.97,7.0,4.0,55317.2,42317.9
368693.4,276.32,4.85,8.0,3.0,66208.82,40346.58
363014.1,246.27,7.16,7.0,6.0,65827.67,31304.31
434093.69999999995,276.09,5.56,8.0,5.0,82264.37,34066.61
561657.6000000001,219.53,6.38,6.0,3.0,93032.54,35621.38
381289.19999999995,259.42,6.26,8.0,5.0,70126.15,33017.59
343741.19999999995,249.16,5.84,7.0,3.0,64717.29,31860.54
472263.60000000003,261.42,6.73,8.0,4.0,73804.91,40877.19
259034.40000000002,254.65,4.6,7.0,6.0,67466.0,22714.47
541650.6000000001,225.69,6.09,6.0,2.0,78401.11,47727.61
393791.10000000003,229.12,6.38,7.0,4.0,57077.23,55114.58
209163.59999999998,223.53,5.23,6.0,3.0,59756.11,33516.79
442605.0,257.71,6.82,7.0,3.0,60214.19,39252.76
415135.19999999995,248.88,5.08,7.0,5.0,70513.21,39275.78
349980.6,196.13,5.38,5.0,2.0,72791.27,44476.34
280423.19999999995,161.61,7.24,4.0,2.0,60357.55,36198.44
487550.10000000003,261.65,6.77,8.0,5.0,72310.1,37736.86
380689.5,242.6,4.95,7.0,2.0,74547.97,48175.05
537826.2,304.23,5.99,9.0,6.0,89730.52,23059.65
430297.19999999995,220.76,8.1,6.0,2.0,59861.63,45919.18
459793.5,248.84,5.31,7.0,3.0,80134.34,43751.18
126036.90000000001,200.8,4.4,6.0,4.0,58198.03,14226.94
247553.40000000002,233.76,4.79,7.0,4.0,71784.02,15554.28
333688.5,223.15,7.14,6.0,4.0,67449.33,29748.37
491729.69999999995,316.65,6.54,9.0,3.0,77906.19,31399.76
348856.5,302.73,4.65,9.0,6.0,71020.74,36788.49
240981.0,256.67,6.09,7.0,4.0,54474.58,21409.35
331045.80000000005,277.92,6.52,8.0,4.0,53494.77,41530.51
301784.1,225.17,6.28,6.0,2.0,60883.54,31135.06
271437.0,197.36,5.41,5.0,2.0,63022.79,33582.69
295517.69999999995,237.28,4.14,7.0,2.0,77514.59,30820.81
429192.60000000003,208.32,6.75,6.0,2.0,80537.52,31872.18
344232.9,275.1,6.51,8.0,6.0,75470.76,17780.96
314045.4,304.91,4.67,9.0,4.0,57782.06,37625.97
450391.19999999995,286.44,6.27,8.0,6.0,71327.72,42634.77
240853.80000000002,265.15,4.07,8.0,6.0,66057.18,31824.59
301527.0,263.78,4.74,8.0,6.0,60345.99,32654.34
386459.69999999995,244.89,4.68,7.0,3.0,62816.88,55887.7
409258.5,268.84,4.56,8.0,5.0,78182.2,34253.57
221069.09999999998,212.74,5.45,6.0,3.0,59556.31,37604.38
477652.80000000005,255.9,4.63,7.0,3.0,89209.08,47798.52
350715.30000000005,260.49,5.14,8.0,4.0,61753.19,39993.01
368298.0,285.18,6.5,8.0,3.0,62587.12,38345.36
378447.30000000005,242.1,6.13,7.0,2.0,62946.42,42312.08
371678.69999999995,213.2,5.86,6.0,4.0,68681.08,44279.43
309336.6,258.99,6.36,8.0,3.0,64168.86,20038.17
471554.39999999997,255.93,6.33,7.0,3.0,79843.92,45902.57
367174.5,283.97,5.2,8.0,6.0,60390.5,37921.72
271803.30000000005,220.54,4.84,6.0,4.0,66397.44,50504.05
409783.5,260.9,6.54,8.0,3.0,63057.69,43315.45
345643.80000000005,289.81,5.02,9.0,4.0,75045.25,25492.32
436721.10000000003,260.15,6.54,8.0,5.0,71254.8,38916.45
461359.5,274.86,5.24,8.0,3.0,80440.22,31114.73
292773.9,264.74,7.3,8.0,5.0,59810.78,14452.92
420468.30000000005,217.01,8.09,6.0,2.0,82241.1,10951.34
259745.09999999998,229.2,4.48,7.0,3.0,70951.87,38455.35
322931.69999999995,256.82,5.45,7.0,4.0,63351.98,31063.78
349900.19999999995,209.54,6.98,6.0,2.0,73803.99,32644.61
491562.60000000003,240.52,4.89,7.0,2.0,86247.18,44610.04
341665.5,230.74,5.74,7.0,4.0,64927.65,29364.76
390116.69999999995,266.53,6.4,8.0,3.0,53722.01,47649.22
371795.4,255.63,6.24,7.0,5.0,66409.69,31188.47
350437.80000000005,191.25,7.2,5.0,3.0,60186.61,45545.13
220698.0,242.15,5.74,7.0,3.0,63016.11,19815.61
319884.0,246.62,7.01,7.0,4.0,62991.44,22993.79
136270.2,187.92,4.05,5.0,3.0,72836.81,16988.94
627885.0,263.92,6.48,8.0,4.0,91935.37,50112.82
373784.1,278.04,5.29,8.0,3.0,78497.66,25389.19
212804.40000000002,255.93,5.29,7.0,4.0,76118.14,9193.83
450141.89999999997,244.98,7.55,7.0,5.0,71425.35,32561.13
492525.0,263.46,6.25,8.0,6.0,74796.11,40819.5
370725.30000000005,270.08,6.16,8.0,3.0,70877.2,23315.4
519198.60000000003,273.05,7.71,8.0,5.0,71298.91,32345.39
389902.19999999995,278.02,5.11,8.0,6.0,69603.23,37942.61
375287.4,220.36,5.49,6.0,4.0,84855.8,37413.91
466290.60000000003,296.96,6.92,9.0,3.0,76909.63,26843.4
448086.89999999997,205.01,6.76,6.0,3.0,62785.91,59003.96
425747.69999999995,233.81,6.84,7.0,3.0,77254.96,28162.1
573145.5,235.14,8.21,7.0,3.0,80082.46,37980.28
473496.0,205.58,6.13,6.0,2.0,80526.29,45751.66
360120.6,263.28,7.31,8.0,3.0,57873.66,28510.41
469804.5,263.84,5.78,8.0,3.0,87674.45,28470.83
365460.30000000005,227.11,6.52,6.0,3.0,72330.22,21282.19
215660.69999999998,229.32,5.59,7.0,2.0,45286.43,45127.83
275762.1,181.31,7.04,5.0,4.0,55573.62,29352.86
419304.0,203.28,5.14,6.0,3.0,74952.96,50373.83
489131.69999999995,219.8,5.88,6.0,3.0,82070.17,34620.59
201018.90000000002,173.16,5.95,5.0,4.0,67650.26,28532.71
421930.80000000005,209.58,6.45,6.0,2.0,66703.78,44141.53
457490.39999999997,260.23,7.26,8.0,3.0,57084.3,55851.85
452979.0,265.06,7.68,8.0,6.0,58260.79,32295.82
238652.40000000002,221.11,7.52,6.0,3.0,41732.93,28104.48
365552.69999999995,281.82,6.71,8.0,4.0,49991.74,40067.9
324847.80000000005,258.3,4.52,8.0,4.0,64568.39,44657.08
577368.6000000001,290.13,6.96,9.0,4.0,79583.51,48780.56
332109.30000000005,283.19,3.94,8.0,6.0,77267.66,22487.71
357378.6,241.08,5.11,7.0,4.0,64455.06,41123.92
321303.9,256.09,5.98,7.0,5.0,62637.59,32901.56
373725.0,188.52,7.0,5.0,3.0,72654.99,27879.62
113539.79999999999,206.88,5.99,6.0,3.0,45914.2,32699.2
380396.1,273.71,4.27,8.0,4.0,38530.12,67727.23
379728.0,259.28,5.44,8.0,3.0,60403.0,47018.15
355684.80000000005,239.03,6.49,7.0,2.0,77595.07,23825.97
347055.9,217.44,5.96,6.0,4.0,78778.32,28177.87
311453.1,220.98,5.61,6.0,3.0,66821.63,33972.05
415733.10000000003,288.28,6.02,9.0,6.0,63615.99,44761.72
370892.4,221.99,4.37,6.0,4.0,75876.93,36119.1
245708.40000000002,189.23,6.58,5.0,4.0,63007.45,27688.05
430048.19999999995,219.67,7.95,6.0,2.0,60698.82,48495.32
538263.6000000001,229.25,6.17,7.0,4.0,92128.27,39870.36
225852.90000000002,239.28,5.29,7.0,2.0,55317.88,43765.04
507162.30000000005,277.62,5.95,8.0,3.0,85738.64,25987.83
325854.6,256.13,5.31,7.0,4.0,62353.07,38011.76
100345.5,179.64,5.42,5.0,3.0,51634.8,18998.86
329073.6,231.27,5.3,7.0,4.0,64795.53,46056.81
488649.0,293.64,6.05,9.0,5.0,79158.82,31766.03
228720.59999999998,253.58,5.19,7.0,3.0,55698.46,42235.06
91271.70000000001,229.31,4.27,7.0,4.0,50005.27,26145.52
264064.19999999995,202.94,6.57,6.0,4.0,46449.63,55176.2
207582.30000000002,226.58,4.71,6.0,2.0,65068.55,29647.56
173578.2,231.19,5.08,7.0,4.0,57889.33,27588.36
539556.6000000001,192.86,6.52,5.0,4.0,86962.96,50350.96
326020.80000000005,262.76,6.1,8.0,6.0,62921.42,32152.47
280966.19999999995,208.69,5.07,6.0,3.0,77020.33,25332.01
236889.90000000002,212.47,5.88,6.0,4.0,50578.72,41306.35
221529.59999999998,212.2,4.59,6.0,3.0,71905.14,14297.44
376473.6,208.39,4.21,6.0,4.0,86393.77,33687.3
469875.89999999997,233.29,6.51,7.0,3.0,83846.27,30488.58
118770.29999999999,241.45,5.21,7.0,2.0,39653.77,40275.6
308689.80000000005,249.33,5.68,7.0,6.0,67821.03,28294.62
544845.6000000001,316.92,7.26,9.0,4.0,71555.21,30874.76
437862.0,275.94,6.74,8.0,3.0,70591.17,30531.87
366978.30000000005,322.54,3.74,10.0,3.0,80182.09,15090.85
381654.0,269.31,4.54,8.0,4.0,65122.2,42561.85
279991.80000000005,254.61,5.41,7.0,5.0,63630.61,23129.12
339032.4,213.84,6.91,6.0,2.0,69886.45,22959.36
538628.7,267.43,5.45,8.0,3.0,87595.6,43681.83
273570.30000000005,241.3,4.11,7.0,2.0,54629.09,55495.03
262371.6,243.73,5.75,7.0,3.0,59464.02,33026.12
252204.90000000002,221.25,4.23,6.0,4.0,68891.12,41435.12
441921.60000000003,260.68,6.6,8.0,6.0,87847.03,24344.82
266105.1,270.88,5.03,8.0,3.0,56030.47,46255.54
330618.6,207.18,6.64,6.0,2.0,74087.08,30709.76
442011.60000000003,214.66,5.97,6.0,2.0,81406.07,46645.2
327810.30000000005,261.09,4.98,8.0,6.0,71178.05,37655.52
313499.69999999995,228.67,6.78,7.0,2.0,61818.62,25120.3
283100.4,235.77,4.49,7.0,4.0,71930.61,23234.27
460734.30000000005,266.61,5.98,8.0,3.0,64552.65,48667.35
522705.30000000005,257.18,5.82,7.0,3.0,89687.48,33767.33
347451.6,237.87,6.48,7.0,3.0,62972.08,25243.86
475604.39999999997,213.43,6.63,6.0,3.0,66565.73,50182.4
485616.30000000005,247.89,6.16,7.0,3.0,76187.27,45084.39
368559.6,249.25,4.91,7.0,5.0,71663.06,39241.82
249761.09999999998,204.06,5.04,6.0,3.0,57139.29,38266.65
381936.0,245.31,6.72,7.0,6.0,67907.47,35538.32
269755.80000000005,215.12,5.67,6.0,3.0,64969.63,35237.45
184666.5,200.92,5.65,6.0,3.0,63082.49,19151.02
203976.59999999998,253.72,3.82,7.0,4.0,53917.87,44916.29
453551.69999999995,226.17,6.31,6.0,2.0,64753.73,46411.17
350653.80000000005,234.3,6.58,7.0,4.0,66404.6,39236.03
345422.1,214.17,4.98,6.0,2.0,78398.72,27167.29
267498.6,326.96,4.77,10.0,3.0,54293.44,35079.83
316625.4,244.65,5.19,7.0,6.0,70763.25,35279.24
401057.69999999995,260.46,4.94,8.0,3.0,74158.67,41003.96
489882.89999999997,211.56,6.99,6.0,2.0,79498.39,41484.51
477100.80000000005,298.08,6.64,9.0,5.0,73274.19,33215.54
500671.5,222.19,7.61,6.0,3.0,83284.55,33854.61
501077.10000000003,264.46,6.54,8.0,3.0,83882.09,25838.86
299822.4,251.18,5.75,7.0,5.0,51668.56,34668.4
277549.19999999995,263.4,4.83,8.0,5.0,61989.92,35997.83
412564.5,259.56,4.88,8.0,3.0,67043.21,62402.74
168851.7,230.46,5.85,7.0,4.0,59048.75,14520.61
553478.7,244.09,4.81,7.0,5.0,74665.97,59036.12
271349.1,249.73,4.68,7.0,6.0,85345.14,13088.16
443881.19999999995,234.75,6.38,7.0,4.0,73415.99,41628.89
328372.19999999995,259.51,5.46,8.0,4.0,67367.21,33098.39
370704.6,243.43,6.04,7.0,4.0,58846.32,42617.74
347094.0,272.99,6.72,8.0,6.0,50794.03,39943.64
463652.39999999997,287.16,6.02,8.0,3.0,57679.76,53494.95
402899.39999999997,238.51,6.05,7.0,3.0,70276.3,34846.05
353653.80000000005,240.1,6.77,7.0,4.0,60772.83,38147.51
400749.30000000005,252.54,6.43,7.0,4.0,68994.07,44604.68
235929.30000000002,253.19,5.16,7.0,3.0,44214.6,49640.17
232597.80000000002,261.69,6.32,8.0,5.0,44566.94,26564.19
371518.80000000005,239.81,7.09,7.0,2.0,65825.83,36959.63
395240.39999999997,224.66,5.24,6.0,4.0,81638.61,38212.7
415439.39999999997,252.23,5.54,7.0,6.0,83441.87,24482.06
451294.80000000005,263.34,5.06,8.0,3.0,61846.14,69621.71
187825.8,193.26,4.47,5.0,4.0,66407.24,31395.12
317192.4,261.12,6.03,8.0,3.0,64469.91,29247.46
328730.69999999995,263.07,5.18,8.0,3.0,66469.32,36227.35
489130.5,249.58,5.8,7.0,6.0,81742.85,40562.5
332868.0,209.03,7.28,6.0,2.0,67229.37,26894.23
296107.80000000005,242.83,5.79,7.0,3.0,70486.9,26725.64
388836.30000000005,276.26,5.35,8.0,3.0,68419.1,34638.53
240188.69999999998,220.42,5.33,6.0,3.0,69618.33,30006.81
235619.69999999998,231.91,5.61,7.0,4.0,61297.35,26656.95
286145.69999999995,215.93,5.98,6.0,3.0,61285.24,29544.0
389977.5,247.58,5.01,7.0,4.0,82389.52,32494.14
398575.80000000005,254.0,6.21,7.0,6.0,77168.99,28109.09
465417.0,248.17,7.99,7.0,3.0,74048.94,27782.67
160016.09999999998,234.05,5.77,7.0,3.0,53617.3,24737.5
450330.89999999997,231.57,6.64,7.0,2.0,80850.04,41420.16
287029.19999999995,196.98,5.3,5.0,2.0,68901.14,30832.67
193242.59999999998,250.35,4.77,7.0,6.0,50442.27,33439.81
417694.19999999995,267.85,6.17,8.0,3.0,70745.91,34915.51
356720.69999999995,255.61,6.04,7.0,6.0,57868.27,45196.15
277191.6,221.51,5.55,6.0,4.0,62554.55,39403.96
216018.0,258.44,3.88,8.0,4.0,61283.39,36616.66
392981.69999999995,256.53,4.51,7.0,5.0,77632.22,39950.3
359099.1,247.29,4.94,7.0,4.0,79874.74,30410.23
287730.6,242.27,5.79,7.0,2.0,64346.99,32337.73
520625.10000000003,288.58,7.24,9.0,5.0,83875.56,30783.17
450144.60000000003,254.42,6.58,7.0,4.0,70365.51,29450.53
329805.30000000005,266.86,6.78,8.0,3.0,55468.49,37666.33
438109.19999999995,285.86,6.89,8.0,3.0,68186.03,33350.48
411492.30000000005,234.61,6.12,7.0,2.0,71850.31,44013.32
521928.30000000005,268.69,6.69,8.0,3.0,61000.16,60697.64
343101.9,230.6,7.21,7.0,4.0,56036.74,33127.9
333993.9,197.0,6.21,5.0,4.0,70614.72,39449.99
276224.4,215.24,5.3,6.0,4.0,71208.27,25696.36
468184.80000000005,281.04,6.36,8.0,5.0,73376.99,37811.87
307078.5,261.2,6.29,8.0,5.0,60823.13,35447.29
473238.60000000003,229.89,7.29,7.0,4.0,71676.07,45994.23
409921.80000000005,216.93,7.63,6.0,3.0,76144.48,17355.29
421140.60000000003,225.41,4.93,6.0,4.0,89548.15,39759.65
429422.10000000003,289.75,6.11,9.0,6.0,65273.04,40094.9
350288.1,200.18,7.27,6.0,4.0,82973.14,22098.23
264120.9,250.49,6.23,7.0,6.0,37908.68,39632.08
428608.19999999995,240.64,7.09,7.0,2.0,70374.65,35981.18
390580.80000000005,237.51,6.14,7.0,2.0,68672.56,45020.75
451997.10000000003,221.8,6.63,6.0,2.0,77112.17,36552.22
260006.69999999998,213.67,6.82,6.0,2.0,58725.63,22762.47
305131.5,226.78,4.5,6.0,2.0,69285.68,42643.91
444098.39999999997,284.45,6.11,8.0,5.0,70543.07,31116.22
221523.59999999998,187.83,5.22,5.0,2.0,55899.52,43063.5
394273.80000000005,235.71,6.27,7.0,3.0,71375.95,42699.72
476286.89999999997,301.11,5.27,9.0,6.0,77053.14,37397.68
337327.5,231.1,4.86,7.0,2.0,74741.01,33984.11
89958.9,266.76,5.54,8.0,5.0,35797.32,24844.2
262054.80000000002,255.35,3.69,7.0,4.0,60850.7,56303.31
324956.1,230.39,6.25,7.0,4.0,68383.2,37285.04
479578.19999999995,237.78,6.05,7.0,2.0,77434.94,41866.19
539678.1000000001,221.66,8.92,6.0,3.0,73685.4,36000.51
268062.30000000005,258.59,6.51,8.0,6.0,59348.63,35785.39
309612.9,254.7,5.58,7.0,3.0,61197.97,35551.39
423833.10000000003,263.36,6.61,8.0,5.0,79007.55,23460.73
486510.0,295.31,6.06,9.0,5.0,69465.31,43677.39
402948.89999999997,243.44,6.7,7.0,3.0,69525.33,36950.45
289522.5,279.66,5.9,8.0,4.0,58334.71,23907.77
376083.0,278.69,5.5,8.0,6.0,71816.25,26990.3
419994.0,251.46,7.02,7.0,6.0,68998.52,35821.42
435497.69999999995,259.71,7.54,8.0,3.0,53362.69,50304.75
309704.1,273.44,4.79,8.0,3.0,63713.27,42507.61
360333.0,302.78,6.38,9.0,3.0,63079.17,21940.75
355548.30000000005,271.71,3.61,8.0,5.0,75263.12,30888.75
492368.10000000003,261.48,7.08,8.0,3.0,67468.62,44476.17
360928.19999999995,297.65,4.27,9.0,5.0,63162.18,38697.8
403018.5,219.25,8.1,6.0,2.0,67794.29,25903.81
364155.6,202.9,5.98,6.0,3.0,58676.41,56269.46
174360.0,235.13,6.8,7.0,3.0,48537.08,18691.31
263270.1,173.41,5.02,5.0,2.0,75437.52,31432.73
553193.7,276.69,7.8,8.0,3.0,75989.28,37299.52
334094.4,235.87,6.01,7.0,3.0,55766.1,45764.0
336131.69999999995,226.91,6.91,6.0,2.0,66169.91,25362.12
508241.69999999995,285.83,5.39,8.0,3.0,83470.59,39220.94
359192.1,240.54,6.42,7.0,2.0,62223.2,35450.55
350646.9,219.79,6.07,6.0,3.0,83357.45,28688.31
370045.19999999995,264.35,4.86,8.0,6.0,64204.72,46157.44
436666.80000000005,233.11,6.75,7.0,3.0,87551.6,26612.96
318954.9,243.67,4.9,7.0,5.0,61449.43,42419.87
345614.1,259.01,5.13,8.0,5.0,75289.63,21667.44
466555.5,280.65,5.85,8.0,4.0,68789.33,41491.22
149864.40000000002,209.0,5.84,6.0,4.0,55557.74,19220.93
421648.80000000005,279.39,6.9,8.0,4.0,61783.9,34189.25
345363.6,225.64,5.16,6.0,2.0,78926.17,34478.07
408730.80000000005,233.73,5.93,7.0,3.0,73263.33,30957.85
423750.30000000005,252.55,6.31,7.0,6.0,75156.54,38652.36
374901.0,242.19,6.25,7.0,4.0,68945.17,30124.27
355358.1,210.79,6.42,6.0,4.0,65632.93,42803.22
467374.5,282.72,6.06,8.0,3.0,67814.86,43477.66
350779.5,218.37,6.04,6.0,4.0,71045.19,30143.97
134918.40000000002,216.97,6.38,6.0,2.0,49211.36,21182.08
388775.4,283.25,7.2,8.0,5.0,62491.56,24677.9
263346.9,254.84,4.8,7.0,6.0,62500.96,38180.26
381402.0,203.84,6.18,6.0,4.0,65706.76,42527.79
423003.30000000005,248.76,6.51,7.0,6.0,65453.87,49972.47
342056.4,244.86,6.43,7.0,5.0,56161.35,46485.05
464366.69999999995,250.41,6.36,7.0,5.0,70885.42,38627.3
544199.1000000001,178.08,6.27,5.0,4.0,94805.34,45481.45
318939.30000000005,207.74,5.95,6.0,2.0,65579.38,41260.3
384082.80000000005,250.19,6.43,7.0,6.0,60457.64,39182.49
358354.5,223.35,6.42,6.0,4.0,74191.19,33838.79
419967.60000000003,239.34,5.87,7.0,4.0,74469.44,35370.31
480444.89999999997,232.55,7.0,7.0,3.0,57699.66,60849.32
462299.39999999997,251.3,5.99,7.0,6.0,75342.98,42151.27
332123.4,256.11,6.33,7.0,5.0,52193.02,45134.84
576721.8,273.34,5.73,8.0,6.0,85386.92,45248.48
378528.30000000005,226.42,5.26,6.0,3.0,79064.68,43834.11
369897.9,191.29,6.41,5.0,2.0,80256.98,40240.58
492107.69999999995,311.77,6.07,9.0,5.0,73411.34,28435.15
306160.80000000005,231.77,5.47,7.0,3.0,69089.87,30622.36
473355.0,304.55,6.64,9.0,5.0,64909.04,42180.65
288620.69999999995,218.45,5.95,6.0,4.0,76936.14,23283.11
322004.4,251.31,6.58,7.0,3.0,55734.75,32524.63
482727.60000000003,191.16,6.32,5.0,2.0,84040.5,44711.08
518235.89999999997,274.23,4.59,8.0,6.0,79522.97,61224.0
442340.10000000003,235.48,6.57,7.0,3.0,64715.02,37212.31
489941.39999999997,279.6,7.21,8.0,5.0,75136.31,35514.53
488803.80000000005,253.19,7.34,7.0,6.0,72606.05,31550.42
294014.69999999995,251.52,5.37,7.0,6.0,59979.99,33072.61
278561.69999999995,229.22,5.18,7.0,4.0,65567.86,44057.15
174905.09999999998,216.06,5.56,6.0,4.0,55250.11,22912.07
497751.30000000005,236.65,7.73,7.0,3.0,81137.46,34493.75
311799.9,220.77,3.6,6.0,3.0,73340.58,36956.98
479999.10000000003,214.19,6.74,6.0,3.0,77622.96,51102.44
317821.80000000005,281.57,4.79,8.0,4.0,57542.63,46205.88
264039.9,207.78,5.33,6.0,4.0,52848.63,53628.68
375562.19999999995,176.31,6.86,5.0,3.0,73654.46,31859.24
209297.09999999998,255.13,3.99,7.0,3.0,60041.21,50637.87
322594.5,286.67,5.67,8.0,5.0,64379.9,32228.25
384945.6,277.08,5.13,8.0,6.0,63317.59,44066.96
364005.6,261.07,5.82,8.0,4.0,68895.75,43119.31
238168.5,241.58,4.4,7.0,2.0,57045.77,49759.27
457386.60000000003,258.48,6.31,8.0,4.0,83714.11,28369.94
167052.0,196.62,5.29,5.0,3.0,62968.65,24554.56
244671.0,251.61,6.37,7.0,6.0,56727.63,20471.44
341118.0,228.04,7.21,7.0,3.0,76563.98,14415.79
317583.30000000005,247.77,5.09,7.0,6.0,64938.75,34736.08
291360.0,230.75,5.35,7.0,3.0,52361.25,48661.99
227316.0,218.03,3.72,6.0,2.0,81602.54,18687.51
412785.30000000005,277.11,5.6,8.0,5.0,58566.4,53152.35
224496.90000000002,273.89,5.27,8.0,5.0,56397.32,27647.45
377130.6,197.57,7.72,5.0,2.0,76357.53,26657.54
445773.89999999997,284.38,6.59,8.0,4.0,76695.54,18904.67
208841.69999999998,216.91,5.47,6.0,3.0,64311.3,19420.43
478698.89999999997,259.03,7.01,8.0,5.0,79299.84,39160.74
319772.1,193.98,5.97,5.0,2.0,77279.76,37520.71
275205.30000000005,259.88,5.5,8.0,6.0,46819.68,48952.13
502536.89999999997,249.35,6.03,7.0,6.0,82079.81,33646.39
391521.0,211.64,7.01,6.0,2.0,71373.12,29187.69
468207.89999999997,264.01,7.43,8.0,5.0,61641.05,50035.75
356994.30000000005,234.62,5.27,7.0,3.0,81090.48,30433.81
632512.8,286.12,7.64,8.0,4.0,75078.79,56148.45
442720.19999999995,266.61,7.09,8.0,5.0,71441.39,40167.01
288406.19999999995,271.19,6.56,8.0,3.0,45610.94,42614.84
586576.2,239.07,7.42,7.0,2.0,88470.87,45811.43
487910.69999999995,252.16,7.45,7.0,6.0,74941.59,28977.94
422831.69999999995,242.34,6.32,7.0,4.0,82973.92,29611.52
481486.5,199.37,8.11,6.0,3.0,76395.65,36758.32
523654.80000000005,277.83,5.51,8.0,6.0,87335.35,39995.84
283209.6,238.36,5.66,7.0,2.0,63563.91,38088.64
299948.1,167.64,6.04,4.0,3.0,74522.9,39312.55
378244.19999999995,243.28,4.21,7.0,4.0,73299.38,45214.49
336282.9,196.66,7.01,5.0,2.0,55980.2,43968.69
333392.1,165.68,5.78,4.0,3.0,73491.13,30800.54
520920.60000000003,246.72,7.64,7.0,5.0,83695.27,33113.76
402231.0,230.77,6.58,7.0,4.0,78743.76,24381.14
240404.69999999998,184.34,6.41,5.0,3.0,70720.3,19114.02
397314.60000000003,241.88,8.47,7.0,3.0,54037.58,28696.17
402103.19999999995,266.84,5.35,8.0,5.0,75046.31,34107.89
455543.39999999997,210.35,6.58,6.0,3.0,75980.44,40394.59
573175.5,202.49,8.9,6.0,4.0,80393.34,39547.93
547049.3999999999,284.17,5.43,8.0,3.0,82224.7,57166.87
422059.5,225.36,5.79,6.0,2.0,75664.02,54724.25
361155.0,252.26,6.15,7.0,6.0,71663.87,24109.78
306028.80000000005,252.02,5.98,7.0,6.0,58800.91,37426.71
358307.1,215.23,7.72,6.0,4.0,69655.18,32902.36
363570.0,236.03,5.07,7.0,3.0,62623.36,50985.97
413681.39999999997,229.04,6.04,7.0,2.0,75117.04,43976.03
378072.30000000005,249.58,5.72,7.0,4.0,71060.41,34814.59
359121.9,238.72,6.24,7.0,3.0,65729.22,25573.85
382542.9,206.13,7.06,6.0,3.0,67637.84,43846.53
265561.5,253.8,5.69,7.0,5.0,47965.41,46071.95
143850.3,276.64,5.45,8.0,6.0,52723.88,14802.09
379116.30000000005,263.42,5.66,8.0,3.0,74102.19,24041.27
470610.30000000005,177.98,6.4,5.0,4.0,87499.13,40815.2
414549.30000000005,266.25,5.01,8.0,6.0,69639.14,54056.13
271606.5,222.27,5.29,6.0,4.0,73060.85,22695.7
318058.19999999995,217.02,7.83,6.0,3.0,60567.94,22837.36
444785.39999999997,230.2,7.0,7.0,4.0,78491.28,25616.12
309219.0,177.05,7.25,5.0,2.0,63390.69,33266.15
359597.1,246.81,5.53,7.0,5.0,68001.33,42625.62
389685.0,236.67,5.99,7.0,4.0,65510.58,46501.28
